timestamp,iso,argt.baseApr,argt.incentiveApr,argt.incentiveDaysLeft,argt.fxVolatility30d,argt.usdPrice,argt.usdReturnObservation,argt.tvlUsd,argt.tvlUsdBasis,argt.totalAssets,argt.idleAssets,argt.idleLiquidityUsd,argt.availableLiquidityUsd,brat.baseApr,brat.incentiveApr,brat.incentiveDaysLeft,brat.fxVolatility30d,brat.usdPrice,brat.usdReturnObservation,brat.tvlUsd,brat.tvlUsdBasis,brat.totalAssets,brat.idleAssets,brat.idleLiquidityUsd,brat.availableLiquidityUsd,curve.argtUsdt0Price,curve.bratUsdt0Price,curve.argtBratPrice
1787601600000,2026-08-24T20:00:00.000Z,0.00006420273893856533,0.16993541398060888,34.041666666666664,0.013522618812516428,0.0006688963210702341,0,4802420.816904705,SOURCE_USD,7615611058.683403,7611709370.720234,5091444.395130591,,0.019154498843629745,0.095,,0.02223321130632333,0.19331516170813276,0.004001623847358138,37147.9463813321,SOURCE_USD,190976.26176625863,162236.38965116395,31362.753900358395,,,,
1787605200000,2026-08-24T21:00:00.000Z,0.00006418411839341193,0.16993541398060888,34,0.013522618812516428,0.0006688963210702341,0,4802420.816904705,SOURCE_USD,7615611114.4826355,7611709370.720234,5091444.395130591,,0.019166015735390184,0.095,,0.02223321130632333,0.19331516170813276,0.004001623847358138,37147.9463813321,SOURCE_USD,190976.67960347762,162236.38965116395,31362.753900358395,,,,
1787608800000,2026-08-24T22:00:00.000Z,0.00006416550173854986,0.16993541398060888,33.958333333333336,0.013522618812516428,0.0006688963210702341,0,4802420.816904705,SOURCE_USD,7615611170.265685,7611709370.720234,5091444.395130591,,0.019177540462056334,0.095,,0.02223321130632333,0.19331516170813276,0.004001623847358138,37147.9463813321,SOURCE_USD,190977.09769286122,162236.38965116395,31362.753900358395,,,,
1787612400000,2026-08-24T23:00:00.000Z,0.00006414689480915927,0.16993541398060888,33.916666666666664,0.013522618812516428,0.0006688963210702341,0,4802420.816904705,SOURCE_USD,7615611226.032558,7611709370.720234,5091444.395130591,,0.019189073045025026,0.095,,0.02223321130632333,0.19331516170813276,0.004001623847358138,37147.9463813321,SOURCE_USD,190977.51603458243,162236.38965116395,31362.753900358395,,,,
1787616000000,2026-08-25T00:00:00.000Z,0.0000641282937152687,0.16993587017256534,33.875,0.014155537205862788,0.000664451827242525,-0.006644518272425182,4802420.817535307,SOURCE_USD,7615611281.783259,7611709370.720234,5057614.199814109,,0.019200612186907107,0.095,,0.022064809020520642,0.1941785277384027,0.004466106137983372,37077.5993530861,SOURCE_USD,190977.9346287858,162236.38965116395,31502.823288056847,,,,
1787619600000,2026-08-25T01:00:00.000Z,0.00006410969845665642,0.16993587017256534,33.833333333333336,0.014276186469723147,0.000664451827242525,-0.006644518272425182,4802420.817535307,SOURCE_USD,7615611337.517796,7611709370.720234,5057614.199814109,,0.01921215886220305,0.095,,0.022316454692247786,0.1941785277384027,0.004466106137983372,37077.5993530861,SOURCE_USD,190978.35347563736,162236.38965116395,31502.823288056847,,,,
1787623200000,2026-08-25T02:00:00.000Z,0.00006409111097830887,0.16993587017256534,33.791666666666664,0.014276186469723147,0.000664451827242525,-0.006644518272425182,4802420.817535307,SOURCE_USD,7615611393.236175,7611709370.720234,5057614.199814109,,0.019223711756017784,0.095,,0.022316454692247786,0.1941785277384027,0.004466106137983372,37077.5993530861,SOURCE_USD,190978.77257527417,162236.38965116395,31502.823288056847,,,,
1787626800000,2026-08-25T03:00:00.000Z,0.00006407252933546236,0.16993587017256534,33.75,0.014276186469723147,0.000664451827242525,-0.006644518272425182,4802420.817535307,SOURCE_USD,7615611448.9384,7611709370.720234,5057614.199814109,,0.019235273846316472,0.095,,0.022316454692247786,0.1941785277384027,0.004466106137983372,37077.5993530861,SOURCE_USD,190979.19192789853,162236.38965116395,31502.823288056847,,,,
1787630400000,2026-08-25T04:00:00.000Z,0.00006405395741808957,0.16993587017256534,33.708333333333336,0.014276186469723147,0.000664451827242525,-0.006644518272425182,4802420.817535307,SOURCE_USD,7615611504.624477,7611709370.720234,5057614.199814109,,0.01924684182252006,0.095,,0.022316454692247786,0.1941785277384027,0.004466106137983372,37077.5993530861,SOURCE_USD,190979.61153364033,162236.38965116395,31502.823288056847,,,,
1787634000000,2026-08-25T05:00:00.000Z,0.00006403538939101041,0.16993587017256534,33.666666666666664,0.014276186469723147,0.000664451827242525,-0.006644518272425182,4802420.817535307,SOURCE_USD,7615611560.2944145,7611709370.720234,5057614.199814109,,0.019258416664964466,0.095,,0.022316454692247786,0.1941785277384027,0.004466106137983372,37077.5993530861,SOURCE_USD,190980.03139265103,162236.38965116395,31502.823288056847,,,,
1787637600000,2026-08-25T06:00:00.000Z,0.0000640168271992113,0.16993587017256534,33.625,0.014276186469723147,0.000664451827242525,-0.006644518272425182,4802420.817535307,SOURCE_USD,7615611615.948216,7611709370.720234,5057614.199814109,,0.019270000075621782,0.095,,0.022316454692247786,0.1941785277384027,0.004466106137983372,37077.5993530861,SOURCE_USD,190980.45150511898,162236.38965116395,31502.823288056847,,,,
1787641200000,2026-08-25T07:00:00.000Z,0.00006399827667809548,0.16993587017256534,33.583333333333336,0.014276186469723147,0.000664451827242525,-0.006644518272425182,4802420.817535307,SOURCE_USD,7615611671.58589,7611709370.720234,5057614.199814109,,0.019281589339117427,0.095,,0.022316454692247786,0.1941785277384027,0.004466106137983372,37077.5993530861,SOURCE_USD,190980.8718711735,162236.38965116395,31502.823288056847,,,,
1787644800000,2026-08-25T08:00:00.000Z,0.00006397973004727428,0.16993587017256534,33.541666666666664,0.014276186469723147,0.000664451827242525,-0.006644518272425182,4802420.817535307,SOURCE_USD,7615611727.207439,7611709370.720234,5057614.199814109,,0.019293186497817416,0.095,,0.022316454692247786,0.1941785277384027,0.004466106137983372,37077.5993530861,SOURCE_USD,190981.2924909884,162236.38965116395,31502.823288056847,,,,
1787648400000,2026-08-25T09:00:00.000Z,0.00006396119119672061,0.16993587017256534,33.5,0.014276186469723147,0.000664451827242525,-0.006644518272425182,4802420.817535307,SOURCE_USD,7615611782.812873,7611709370.720234,5057614.199814109,,0.01930479052081314,0.095,,0.022316454692247786,0.1941785277384027,0.004466106137983372,37077.5993530861,SOURCE_USD,190981.71336471505,162236.38965116395,31502.823288056847,,,,
1787652000000,2026-08-25T10:00:00.000Z,0.00006394265818167057,0.16993587017256534,33.458333333333336,0.014276186469723147,0.000664451827242525,-0.006644518272425182,4802420.817535307,SOURCE_USD,7615611838.402194,7611709370.720234,5057614.199814109,,0.01931640176016993,0.095,,0.022316454692247786,0.1941785277384027,0.004466106137983372,37077.5993530861,SOURCE_USD,190982.13449251233,162236.38965116395,31502.823288056847,,,,
1787655600000,2026-08-25T11:00:00.000Z,0.00006439648947426415,0.16993587017256534,33.416666666666664,0.014276186469723147,0.000664451827242525,-0.006644518272425182,4802420.817535307,SOURCE_USD,7615611894.386062,7611772632.528681,5057656.234238327,,0.019328020558226914,0.095,,0.022316454692247786,0.1941785277384027,0.004466106137983372,37077.5993530861,SOURCE_USD,190982.55587454676,162236.38965116395,31502.823288056847,,,,
1787659200000,2026-08-25T12:00:00.000Z,0.00006467935720336824,0.16993587017256534,33.375,0.014276186469723147,0.000664451827242525,-0.006644518272425182,4802420.817535307,SOURCE_USD,7615611950.615842,7611772632.528681,5057656.234238327,,0.019339647284555304,0.095,,0.022316454692247786,0.1941785277384027,0.004466106137983372,37077.5993530861,SOURCE_USD,190982.97751099282,162236.38965116395,31502.823288056847,,,,
1787662800000,2026-08-25T13:00:00.000Z,0.00006466615768193255,0.16993587017256534,33.333333333333336,0.014276186469723147,0.000664451827242525,-0.006644518272425182,4802420.817535307,SOURCE_USD,7615612006.8341465,7611772632.528681,5057656.234238327,,0.019351279457193633,0.095,,0.022316454692247786,0.1941785277384027,0.004466106137983372,37077.5993530861,SOURCE_USD,190983.3994019711,162236.38965116395,31502.823288056847,,,,
1787666400000,2026-08-25T14:00:00.000Z,0.00006465295816054468,0.16993587017256534,33.291666666666664,0.014276186469723147,0.000664451827242525,-0.006644518272425182,4802420.817535307,SOURCE_USD,7615612063.04098,7611772632.528681,5057656.234238327,,0.01936291991016867,0.095,,0.022316454692247786,0.1941785277384027,0.004466106137983372,37077.5993530861,SOURCE_USD,190983.82154766365,162236.38965116395,31502.823288056847,,,,
1787670000000,2026-08-25T15:00:00.000Z,0.00006463976641936676,0.16993587017256534,33.25,0.014276186469723147,0.000664451827242525,-0.006644518272425182,4802420.817535307,SOURCE_USD,7615612119.236343,7611772632.528681,5057656.234238327,,0.019374567579504176,0.095,,0.022316454692247786,0.1941785277384027,0.004466106137983372,37077.5993530861,SOURCE_USD,190984.24394822953,162236.38965116395,31502.823288056847,,,,
1787673600000,2026-08-25T16:00:00.000Z,0.00006462657662344397,0.16993587017256534,33.208333333333336,0.014276186469723147,0.000664451827242525,-0.006644518272425182,4802420.817535307,SOURCE_USD,7615612175.42024,7611772632.528681,5057656.234238327,,0.019386222109245614,0.095,,0.022316454692247786,0.1941785277384027,0.004466106137983372,37077.5993530861,SOURCE_USD,190984.66660382,162236.38965116395,31502.823288056847,,,,
1787677200000,2026-08-25T17:00:00.000Z,0.00006461338877277635,0.16993587017256534,33.166666666666664,0.014276186469723147,0.000664451827242525,-0.006644518272425182,4802420.817535307,SOURCE_USD,7615612231.592672,7611772632.528681,5057656.234238327,,0.019397883851457427,0.095,,0.022316454692247786,0.1941785277384027,0.004466106137983372,37077.5993530861,SOURCE_USD,190985.089514594,162236.38965116395,31502.823288056847,,,,
1787680800000,2026-08-25T18:00:00.000Z,0.00006460020092193484,0.16993587017256534,33.125,0.014276186469723147,0.000664451827242525,-0.006644518272425182,4802420.817535307,SOURCE_USD,7615612287.753641,7611772632.528681,5057656.234238327,,0.019409553543337003,0.095,,0.022316454692247786,0.1941785277384027,0.004466106137983372,37077.5993530861,SOURCE_USD,190985.51268072656,162236.38965116395,31502.823288056847,,,,
1787684400000,2026-08-25T19:00:00.000Z,0.00006458702085152603,0.16993587017256534,33.083333333333336,0.014276186469723147,0.000664451827242525,-0.006644518272425182,4802420.817535307,SOURCE_USD,7615612343.903152,7611772632.528681,5057656.234238327,,0.019421230095622032,0.095,,0.022316454692247786,0.1941785277384027,0.004466106137983372,37077.5993530861,SOURCE_USD,190985.93610236893,162236.38965116395,31502.823288056847,,,,
1787688000000,2026-08-25T20:00:00.000Z,0.00006457384272637273,0.16993587017256534,33.041666666666664,0.014276186469723147,0.000664451827242525,-0.006644518272425182,4802420.817535307,SOURCE_USD,7615612400.041205,7611772632.528681,5057656.234238327,,0.01943291350442252,0.095,,0.022316454692247786,0.1941785277384027,0.004466106137983372,37077.5993530861,SOURCE_USD,190986.35977967214,162236.38965116395,31502.823288056847,,,,
1787691600000,2026-08-25T21:00:00.000Z,0.00006456066460104579,0.16993587017256534,33,0.014276186469723147,0.000664451827242525,-0.006644518272425182,4802420.817535307,SOURCE_USD,7615612456.167804,7611772632.528681,5057656.234238327,,0.019444604125693443,0.095,,0.022316454692247786,0.1941785277384027,0.004466106137983372,37077.5993530861,SOURCE_USD,190986.78371279538,162236.38965116395,31502.823288056847,,,,
1787695200000,2026-08-25T22:00:00.000Z,0.00006454749231116693,0.16993587017256534,32.958333333333336,0.014276186469723147,0.000664451827242525,-0.006644518272425182,4802420.817535307,SOURCE_USD,7615612512.28295,7611772632.528681,5057656.234238327,,0.019456302338731708,0.095,,0.022316454692247786,0.1941785277384027,0.004466106137983372,37077.5993530861,SOURCE_USD,190987.20790190576,162236.38965116395,31502.823288056847,,,,
1787698800000,2026-08-25T23:00:00.000Z,0.00006453432196632184,0.16993587017256534,32.916666666666664,0.014276186469723147,0.000664451827242525,-0.006644518272425182,4802420.817535307,SOURCE_USD,7615612568.386647,7611772632.528681,5057656.234238327,,0.01946800778369174,0.095,,0.022316454692247786,0.1941785277384027,0.004466106137983372,37077.5993530861,SOURCE_USD,190987.63234716258,162236.38965116395,31502.823288056847,,,,
1787702400000,2026-08-26T00:00:00.000Z,0.0000645211535665106,0.16993546903303586,32.875,0.01415553720586279,0.000664451827242525,0,4770463.200267201,SOURCE_USD,7615612624.478898,7611772632.528681,5057656.234238327,,0.01947972083014447,0.10024364130024052,,0.022077557828178083,0.19387359441644048,-0.0015703761147731754,37152.900466579806,SOURCE_USD,190988.05704873338,162236.38965116395,31453.35200681736,,,,
1787706000000,2026-08-26T01:00:00.000Z,0.00006450798905716261,0.16993546903303586,32.833333333333336,0.014276186469723147,0.000664451827242525,0,4770463.200267201,SOURCE_USD,7615612680.559703,7611772632.528681,5057656.234238327,,0.01949143958160714,0.10024364130024052,,0.022077557828178083,0.19387359441644048,-0.0015703761147731754,37152.900466579806,SOURCE_USD,190988.48200674422,162236.38965116395,31453.35200681736,,,,
1787709600000,2026-08-26T02:00:00.000Z,0.000064494828437834,0.16993546903303586,32.791666666666664,0.014276186469723147,0.000664451827242525,0,4770463.200267201,SOURCE_USD,7615612736.629066,7611772632.528681,5057656.234238327,,0.019503166311913744,0.10024364130024052,,0.022077557828178083,0.19387359441644048,-0.0015703761147731754,37152.900466579806,SOURCE_USD,190988.90722137073,162236.38965116395,31453.35200681736,,,,
1787713200000,2026-08-26T03:00:00.000Z,0.0000644816658735689,0.16993546903303586,32.75,0.014276186469723147,0.000664451827242525,0,4770463.200267201,SOURCE_USD,7615612792.686991,7611772632.528681,5057656.234238327,,0.01951490103468058,0.10024364130024052,,0.022077557828178083,0.19387359441644048,-0.0015703761147731754,37152.900466579806,SOURCE_USD,190989.3326927889,162236.38965116395,31453.35200681736,,,,
1787716800000,2026-08-26T04:00:00.000Z,0.00006446851303472343,0.16993546903303586,32.708333333333336,0.014276186469723147,0.000664451827242525,0,4770463.200267201,SOURCE_USD,7615612848.733477,7611772632.528681,5057656.234238327,,0.01952664338033647,0.10024364130024052,,0.022077557828178083,0.19387359441644048,-0.0015703761147731754,37152.900466579806,SOURCE_USD,190989.75842116665,162236.38965116395,31453.35200681736,,,,
1787720400000,2026-08-26T05:00:00.000Z,0.00006445535825071964,0.16993546903303586,32.666666666666664,0.014276186469723147,0.000664451827242525,0,4770463.200267201,SOURCE_USD,7615612904.76853,7611772632.528681,5057656.234238327,,0.01953839062572623,0.10024364130024052,,0.022077557828178083,0.19387359441644048,-0.0015703761147731754,37152.900466579806,SOURCE_USD,190990.1844066125,162236.38965116395,31453.35200681736,,,,
1787724000000,2026-08-26T06:00:00.000Z,0.00006444220735695767,0.16993546903303586,32.625,0.014276186469723147,0.000664451827242525,0,4770463.200267201,SOURCE_USD,7615612960.79215,7611772632.528681,5057656.234238327,,0.019550146647455746,0.10024364130024052,,0.022077557828178083,0.19387359441644048,-0.0015703761147731754,37152.900466579806,SOURCE_USD,190990.6106493195,162236.38965116395,31453.35200681736,,,,
1787727600000,2026-08-26T07:00:00.000Z,0.00006442906229864518,0.16993546903303586,32.583333333333336,0.014276186469723147,0.000664451827242525,0,4770463.200267201,SOURCE_USD,7615613016.870331,7611772632.594669,5057656.234282172,,0.01956190989721655,0.10024364130024052,,0.022077557828178083,0.19387359441644048,-0.0015703761147731754,37152.900466579806,SOURCE_USD,190991.03714944702,162236.38965116395,31453.35200681736,,,,
1787731200000,2026-08-26T08:00:00.000Z,0.00006441591724015994,0.16993546903303586,32.541666666666664,0.014276186469723147,0.000664451827242525,0,4770463.200267201,SOURCE_USD,7615613072.871095,7611772632.594669,5057656.234282172,,0.019573680380844356,0.10024364130024052,,0.022077557828178083,0.19387359441644048,-0.0015703761147731754,37152.900466579806,SOURCE_USD,190991.4639071544,162236.38965116395,31453.35200681736,,,,
1787734800000,2026-08-26T09:00:00.000Z,0.00006440277412693143,0.16993546903303586,32.5,0.014276186469723147,0.000664451827242525,0,4770463.200267201,SOURCE_USD,7615613128.860435,7611772632.594669,5057656.234282172,,0.019585458096393792,0.10024364130024052,,0.022077557828178083,0.19387359441644048,-0.0015703761147731754,37152.900466579806,SOURCE_USD,190991.89092260107,162236.38965116395,31453.35200681736,,,,
1787738400000,2026-08-26T10:00:00.000Z,0.00006438963684915285,0.16993546903303586,32.458333333333336,0.014276186469723147,0.000664451827242525,0,4770463.200267201,SOURCE_USD,7615613184.838353,7611772632.594669,5057656.234282172,,0.019597242238589205,0.10024364130024052,,0.022077557828178083,0.19387359441644048,-0.0015703761147731754,37152.900466579806,SOURCE_USD,190992.31819592896,162236.38965116395,31453.35200681736,,,,
1787742000000,2026-08-26T11:00:00.000Z,0.00006437649957120172,0.16993546903303586,32.416666666666664,0.014276186469723147,0.000664451827242525,0,4770463.200267201,SOURCE_USD,7615613240.804852,7611772632.594669,5057656.234282172,,0.019609034816730004,0.10024364130024052,,0.022077557828178083,0.19387359441644048,-0.0015703761147731754,37152.900466579806,SOURCE_USD,190992.7457273236,162236.38965116395,31453.35200681736,,,,
1787745600000,2026-08-26T12:00:00.000Z,0.00006436336618349318,0.16993546903303586,32.375,0.014276186469723147,0.000664451827242525,0,4770463.200267201,SOURCE_USD,7615613296.759932,7611772632.594669,5057656.234282172,,0.019620834630682607,0.10024364130024052,,0.022077557828178083,0.19387359441644048,-0.0015703761147731754,37152.900466579806,SOURCE_USD,190993.17351694457,162236.38965116395,31453.35200681736,,,,
1787749200000,2026-08-26T13:00:00.000Z,0.00006435023863101303,0.16993546903303586,32.333333333333336,0.014276186469723147,0.000664451827242525,0,4770463.200267201,SOURCE_USD,7615613352.703599,7611772632.594669,5057656.234282172,,0.01963264005822475,0.10024364130024052,,0.022077557828178083,0.19387359441644048,-0.0015703761147731754,37152.900466579806,SOURCE_USD,190993.60156491597,162236.38965116395,31453.35200681736,,,,
1787752800000,2026-08-26T14:00:00.000Z,0.00006433710913359695,0.16993546903303586,32.291666666666664,0.014276186469723147,0.000664451827242525,0,4770463.200267201,SOURCE_USD,7615613408.635855,7611772632.594669,5057656.234282172,,0.019644453929492597,0.10024364130024052,,0.022077557828178083,0.19387359441644048,-0.0015703761147731754,37152.900466579806,SOURCE_USD,190994.0298714236,162236.38965116395,31453.35200681736,,,,
1787756400000,2026-08-26T15:00:00.000Z,0.00006432398547140951,0.16993546903303586,32.25,0.014276186469723147,0.000664451827242525,0,4770463.200267201,SOURCE_USD,7615613464.556701,7611772632.594669,5057656.234282172,,0.019656275452826295,0.10024364130024052,,0.022077557828178083,0.19387359441644048,-0.0015703761147731754,37152.900466579806,SOURCE_USD,190994.458436636,162236.38965116395,31453.35200681736,,,,
1787760000000,2026-08-26T16:00:00.000Z,0.00006431086569946525,0.16993546903303586,32.208333333333336,0.014276186469723147,0.000664451827242525,0,4770463.200267201,SOURCE_USD,7615613520.46614,7611772632.594669,5057656.234282172,,0.01966810297099112,0.10024364130024052,,0.022077557828178083,0.19387359441644048,-0.0015703761147731754,37152.900466579806,SOURCE_USD,190994.8872606857,162236.38965116395,31453.35200681736,,,,
1787763600000,2026-08-26T17:00:00.000Z,0.0000642977459275709,0.16993546903303586,32.166666666666664,0.014276186469723147,0.000664451827242525,0,4770463.200267201,SOURCE_USD,7615613576.364174,7611772632.594669,5057656.234282172,,0.01967993896789367,0.10024364130024052,,0.022077557828178083,0.19387359441644048,-0.0015703761147731754,37152.900466579806,SOURCE_USD,190995.31634375927,162236.38965116395,31453.35200681736,,,,
1787767200000,2026-08-26T18:00:00.000Z,0.00006428463004591995,0.16993546903303586,32.125,0.014276186469723147,0.000664451827242525,0,4770463.200267201,SOURCE_USD,7615613632.250808,7611772632.594669,5057656.234282172,,0.019691781368100743,0.10024364130024052,,0.022077557828178083,0.19387359441644048,-0.0015703761147731754,37152.900466579806,SOURCE_USD,190995.74568599806,162236.38965116395,31453.35200681736,,,,
1787770800000,2026-08-26T19:00:00.000Z,0.00006427151610930476,0.16993546903303586,32.083333333333336,0.014276186469723147,0.000664451827242525,0,4770463.200267201,SOURCE_USD,7615613688.12604,7611772632.594669,5057656.234282172,,0.019703630582030774,0.10024364130024052,,0.022077557828178083,0.19387359441644048,-0.0015703761147731754,37152.900466579806,SOURCE_USD,190996.17528755235,162236.38965116395,31453.35200681736,,,,
1787774400000,2026-08-26T20:00:00.000Z,0.00006425840995312676,0.16993546903303586,32.041666666666664,0.014276186469723147,0.000664451827242525,0,4770463.200267201,SOURCE_USD,7615613743.989878,7611772632.594669,5057656.234282172,,0.01971548871429356,0.10024364130024052,,0.022077557828178083,0.19387359441644048,-0.0015703761147731754,37152.900466579806,SOURCE_USD,190996.6051486184,162236.38965116395,31453.35200681736,,,,
1787778000000,2026-08-26T21:00:00.000Z,0.00006424529990658342,0.16993546903303586,32,0.014276186469723147,0.000664451827242525,0,4770463.200267201,SOURCE_USD,7615613799.84232,7611772632.594669,5057656.234282172,,0.019727352823881685,0.10024364130024052,,0.022077557828178083,0.19387359441644048,-0.0015703761147731754,37152.900466579806,SOURCE_USD,190997.0352693282,162236.38965116395,31453.35200681736,,,,
1787781600000,2026-08-26T22:00:00.000Z,0.00006423219764069961,0.16993546903303586,31.958333333333332,0.014276186469723147,0.000664451827242525,0,4770463.200267201,SOURCE_USD,7615613855.683372,7611772632.594669,5057656.234282172,,0.01973922417122688,0.10024364130024052,,0.022077557828178083,0.19387359441644048,-0.0015703761147731754,37152.900466579806,SOURCE_USD,190997.4656498413,162236.38965116395,31453.35200681736,,,,
1787785200000,2026-08-26T23:00:00.000Z,0.00006421909731985201,0.16993546903303586,31.916666666666668,0.014276186469723147,0.000664451827242525,0,4770463.200267201,SOURCE_USD,7615613911.513034,7611772632.594669,5057656.234282172,,0.01975110231673412,0.10024364130024052,,0.022077557828178083,0.19387359441644048,-0.0015703761147731754,37152.900466579806,SOURCE_USD,190997.8962903078,162236.38965116395,31453.35200681736,,,,
1787788800000,2026-08-27T00:00:00.000Z,0.00006420599894426277,0.16993578332153017,31.875,0.014304002154573673,0.0006622516556291391,-0.0033112582781457123,4778753.08977562,SOURCE_USD,7615613967.331309,7611772632.594669,5040909.02820839,,0.019762990286995557,0.09994096801075768,,0.021889739182643173,0.19430681045370643,0.0022345283202178656,37157.96676267125,SOURCE_USD,190998.32719094362,162236.38965116395,31523.635412642372,,0.0006269838259959321,,
1787792400000,2026-08-27T01:00:00.000Z,0.00006419290056850196,0.16993578332153017,31.833333333333332,0.014425088288821664,0.0006622516556291391,-0.0033112582781457123,4778753.08977562,SOURCE_USD,7615614023.138199,7611772632.594669,5040909.02820839,,0.01977488205605845,0.09994096801075768,,0.021889739182643173,0.19430681045370643,0.0022345283202178656,37157.96676267125,SOURCE_USD,190998.7583518332,162236.38965116395,31523.635412642372,,0.0006269838259959321,,
1787796000000,2026-08-27T02:00:00.000Z,0.00006417980997317939,0.16993578332153017,31.791666666666668,0.014425088288821664,0.0006622516556291391,-0.0033112582781457123,4778753.08977562,SOURCE_USD,7615614078.933709,7611772632.594669,5040909.02820839,,0.01978678278430115,0.09994096801075768,,0.021889739182643173,0.19430681045370643,0.0022345283202178656,37157.96676267125,SOURCE_USD,190999.1897731738,162236.38965116395,31523.635412642372,,0.0006269838259959321,,
1787799600000,2026-08-27T03:00:00.000Z,0.00006416672132311546,0.16993578332153017,31.75,0.014425088288821664,0.0006622516556291391,-0.0033112582781457123,4778753.08977562,SOURCE_USD,7615614134.717839,7611772632.594669,5040909.02820839,,0.019798690758081612,0.09994096801075768,,0.021889739182643173,0.19430681045370643,0.0022345283202178656,37157.96676267125,SOURCE_USD,190999.6214551251,162236.38965116395,31523.635412642372,,0.0006269838259959321,,
1787803200000,2026-08-27T04:00:00.000Z,0.00006415363461808827,0.16993578332153017,31.708333333333332,0.014425088288821664,0.0006622516556291391,-0.0033112582781457123,4778753.08977562,SOURCE_USD,7615614190.490593,7611772632.594669,5040909.02820839,,0.01981060641699457,0.09994096801075768,,0.021889739182643173,0.19430681045370643,0.0022345283202178656,37157.96676267125,SOURCE_USD,191000.05339785645,162236.38965116395,31523.635412642372,,0.0006269838259959321,,
1787806800000,2026-08-27T05:00:00.000Z,0.00006414065489400259,0.16993578332153017,31.666666666666668,0.014425088288821664,0.0006622516556291391,-0.0033112582781457123,4778753.08977562,SOURCE_USD,7615614246.252062,7611772664.741119,5040909.04949743,,0.019822528000714778,0.09994096801075768,,0.021889739182643173,0.19430681045370643,0.0022345283202178656,37157.96676267125,SOURCE_USD,191000.48560149875,162236.38965116395,31523.635412642372,,0.0006269838259959321,,
1787810400000,2026-08-27T06:00:00.000Z,0.0000641277899316948,0.16993578332153017,31.625,0.014425088288821664,0.0006622516556291391,-0.0033112582781457123,4778753.08977562,SOURCE_USD,7615614302.002349,7611772664.741119,5040909.04949743,,0.019834457261786988,0.09994096801075768,,0.021889739182643173,0.19430681045370643,0.0022345283202178656,37157.96676267125,SOURCE_USD,191000.9180662212,162236.38965116395,31523.635412642372,,0.0006269838259959321,,
1787814000000,2026-08-27T07:00:00.000Z,0.00006411471295219856,0.16993578332153017,31.583333333333332,0.014425088288821664,0.0006622516556291391,-0.0033112582781457123,4778753.08977562,SOURCE_USD,7615614357.741268,7611772664.741119,5040909.04949743,,0.019846394211882026,0.09994096801075768,,0.021889739182643173,0.19430681045370643,0.0022345283202178656,37157.96676267125,SOURCE_USD,191001.3507921932,162236.38965116395,31523.635412642372,,0.0006269838259959321,,
1787817600000,2026-08-27T08:00:00.000Z,0.00006410164375314171,0.16993578332153017,31.541666666666668,0.014425088288821664,0.0006622516556291391,-0.0033112582781457123,4778753.08977562,SOURCE_USD,7615614413.468824,7611772664.741119,5040909.04949743,,0.0198583388568351,0.09994096801075768,,0.021889739182643173,0.19430681045370643,0.0022345283202178656,37157.96676267125,SOURCE_USD,191001.7837795843,162236.38965116395,31523.635412642372,,0.0006269838259959321,,
1787821200000,2026-08-27T09:00:00.000Z,0.00006408857066371984,0.16993578332153017,31.5,0.014425088288821664,0.0006622516556291391,-0.0033112582781457123,4778753.08977562,SOURCE_USD,7615614469.185017,7611772664.741119,5040909.04949743,,0.019870289405199384,0.09994096801075768,,0.021889739182643173,0.19430681045370643,0.0022345283202178656,37157.96676267125,SOURCE_USD,191002.21702852502,162236.38965116395,31523.635412642372,,0.0006269838259959321,,
1787824800000,2026-08-27T10:00:00.000Z,0.00006407550535495971,0.16993578332153017,31.458333333333332,0.014425088288821664,0.0006622516556291391,-0.0033112582781457123,4778753.08977562,SOURCE_USD,7615614524.889851,7611772664.741119,5040909.04949743,,0.019882249000273657,0.09994096801075768,,0.021889739182643173,0.19430681045370643,0.0022345283202178656,37157.96676267125,SOURCE_USD,191002.65053921434,162236.38965116395,31523.635412642372,,0.0006269838259959321,,
1787828400000,2026-08-27T11:00:00.000Z,0.00006406244199123706,0.16993578332153017,31.416666666666668,0.014425088288821664,0.0006622516556291391,-0.0033112582781457123,4778753.08977562,SOURCE_USD,7615614580.583327,7611772664.741119,5040909.04949743,,0.019894213584557095,0.09994096801075768,,0.021889739182643173,0.19430681045370643,0.0022345283202178656,37157.96676267125,SOURCE_USD,191003.08431176288,162236.38965116395,31523.635412642372,,0.0006269838259959321,,
1787832000000,2026-08-27T12:00:00.000Z,0.00006404938057255201,0.16993578332153017,31.375,0.014425088288821664,0.0006622516556291391,-0.0033112582781457123,4778753.08977562,SOURCE_USD,7615614636.2654505,7611772664.741119,5040909.04949743,,0.019906186313018978,0.09994096801075768,,0.021889739182643173,0.19430681045370643,0.0022345283202178656,37157.96676267125,SOURCE_USD,191003.5183463499,162236.38965116395,31523.635412642372,,0.0006269838259959321,,
1787835600000,2026-08-27T13:00:00.000Z,0.00006403632304411282,0.16993578332153017,31.333333333333332,0.014425088288821664,0.0006622516556291391,-0.0033112582781457123,4778753.08977562,SOURCE_USD,7615614691.936221,7611772664.741119,5040909.04949743,,0.019918167662211755,0.09994096801075768,,0.021889739182643173,0.19430681045370643,0.0022345283202178656,37157.96676267125,SOURCE_USD,191003.9526431653,162236.38965116395,31523.635412642372,,0.0006269838259959321,,
1787839200000,2026-08-27T14:00:00.000Z,0.00006402326551572519,0.16993578332153017,31.291666666666668,0.014425088288821664,0.0006622516556291391,-0.0033112582781457123,4778753.08977562,SOURCE_USD,7615614747.595642,7611772664.741119,5040909.04949743,,0.01993015489536453,0.09994096801075768,,0.021889739182643173,0.19430681045370643,0.0022345283202178656,37157.96676267125,SOURCE_USD,191004.38720233904,162236.38965116395,31523.635412642372,,0.0006269838259959321,,
1787842800000,2026-08-27T15:00:00.000Z,0.00006401021576777816,0.16993578332153017,31.25,0.014425088288821664,0.0006622516556291391,-0.0033112582781457123,4778753.08977562,SOURCE_USD,7615614803.243718,7611772664.741119,5040909.04949743,,0.019942149375999994,0.09994096801075768,,0.021889739182643173,0.19430681045370643,0.0022345283202178656,37157.96676267125,SOURCE_USD,191004.8220240309,162236.38965116395,31523.635412642372,,0.0006269838259959321,,
1787846400000,2026-08-27T16:00:00.000Z,0.00006399716407489663,0.16993578332153017,31.208333333333332,0.014425088288821664,0.0006622516556291391,-0.0033112582781457123,4778753.08977562,SOURCE_USD,7615614858.880448,7611772664.741119,5040909.04949743,,0.019954151098282535,0.09994096801075768,,0.021889739182643173,0.19430681045370643,0.0022345283202178656,37157.96676267125,SOURCE_USD,191005.2571084007,162236.38965116395,31523.635412642372,,0.0006269838259959321,,
1787850000000,2026-08-27T17:00:00.000Z,0.00006398412016223402,0.16993578332153017,31.166666666666668,0.014425088288821664,0.0006622516556291391,-0.0033112582781457123,4778753.08977562,SOURCE_USD,7615614914.505838,7611772664.741119,5040909.04949743,,0.019966161009481346,0.09994096801075768,,0.021889739182643173,0.19430681045370643,0.0022345283202178656,37157.96676267125,SOURCE_USD,191005.69245562862,162236.38965116395,31523.635412642372,,0.0006269838259959321,,
1787853600000,2026-08-27T18:00:00.000Z,0.00006397107624962333,0.16993578332153017,31.125,0.014425088288821664,0.0006622516556291391,-0.0033112582781457123,4778753.08977562,SOURCE_USD,7615614970.119888,7611772664.741119,5040909.04949743,,0.019978177707171602,0.09994096801075768,,0.021889739182643173,0.19430681045370643,0.0022345283202178656,37157.96676267125,SOURCE_USD,191006.12806586458,162236.38965116395,31523.635412642372,,0.0006269838259959321,,
1787857200000,2026-08-27T19:00:00.000Z,0.00006395803428205089,0.16993578332153017,31.083333333333332,0.014425088288821664,0.0006622516556291391,-0.0033112582781457123,4778753.08977562,SOURCE_USD,7615615025.722602,7611772664.741119,5040909.04949743,,0.019990200716746256,0.09994096801075768,,0.021889739182643173,0.19430681045370643,0.0022345283202178656,37157.96676267125,SOURCE_USD,191006.56393924795,162236.38965116395,31523.635412642372,,0.0006269838259959321,,
1787860800000,2026-08-27T20:00:00.000Z,0.00009133470934230655,0.16993578332153017,31.041666666666668,0.014425088288821664,0.0006622516556291391,-0.0033112582781457123,4778753.08977562,SOURCE_USD,7615615105.125566,7611991237.217839,5041053.799482013,,0.020002231919127356,0.09994096801075768,,0.021889739182643173,0.19430681045370643,0.0022345283202178656,37157.96676267125,SOURCE_USD,191007.00007595913,162236.38965116395,31523.635412642372,,0.0006269838259959321,,
1787864400000,2026-08-27T21:00:00.000Z,0.00010054131916356899,0.16993578332153017,31,0.014425088288821664,0.0006622516556291391,-0.0033112582781457123,4778753.08977562,SOURCE_USD,7615615192.532414,7611991237.217839,5041053.799482013,,0.020014270378716528,0.09994096801075768,,0.021889739182643173,0.19430681045370643,0.0022345283202178656,37157.96676267125,SOURCE_USD,191007.43647615818,162236.38965116395,31523.635412642372,,0.0006269838259959321,,
1787868000000,2026-08-27T22:00:00.000Z,0.00010064440419727208,0.16993578332153017,30.958333333333332,0.014425088288821664,0.0006622516556291391,-0.0033112582781457123,4778753.08977562,SOURCE_USD,7615615280.028882,7611991237.217839,5041053.799482013,,0.02002631609551376,0.09994096801075768,,0.021889739182643173,0.19430681045370643,0.0022345283202178656,37157.96676267125,SOURCE_USD,191007.87314000513,162236.38965116395,31523.635412642372,,0.0006269838259959321,,
1787871600000,2026-08-27T23:00:00.000Z,0.00010074760593788452,0.16993578332153017,30.916666666666668,0.014425088288821664,0.0006622516556291391,-0.0033112582781457123,4778753.08977562,SOURCE_USD,7615615367.615068,7611991237.217839,5041053.799482013,,0.020038368589077073,0.09994096801075768,,0.021889739182643173,0.19430681045370643,0.0022345283202178656,37157.96676267125,SOURCE_USD,191008.31006764958,162236.38965116395,31523.635412642372,,0.0006269838259959321,,
1787875200000,2026-08-28T00:00:00.000Z,0.00010085093022033602,0.16989915293924773,30.875,0.014304002154573673,0.0006622516556291391,0,4755741.033712171,SOURCE_USD,7615615455.291083,7611991237.217839,5041053.799482013,,0.020050428818345657,0.09963579211182966,,0.021639049901134844,0.19447685725398675,0.0008751458576425897,36950.1375101178,SOURCE_USD,191008.747259262,162236.38965116395,31551.223191591584,,0.0006269838259959321,,
1787878800000,2026-08-28T01:00:00.000Z,0.00010095437120940131,0.16989915293924773,30.833333333333332,0.014267606555076872,0.0006622516556291391,0,4755741.033712171,SOURCE_USD,7615615543.057029,7611991237.217839,5041053.799482013,,0.02006249484793437,0.09963579211182966,,0.021761512460071252,0.19447685725398675,0.0008751458576425897,36950.1375101178,SOURCE_USD,191009.18471497067,162236.38965116395,31551.223191591584,,0.0006269838259959321,,
1787882400000,2026-08-28T02:00:00.000Z,0.0001010579386307253,0.16989915293924773,30.791666666666668,0.014267606555076872,0.0006622516556291391,0,4755741.033712171,SOURCE_USD,7615615630.913012,7611991237.217839,5041053.799482013,,0.020074570562229607,0.09963579211182966,,0.021761512460071252,0.19447685725398675,0.0008751458576425897,36950.1375101178,SOURCE_USD,191009.62243498856,162236.38965116395,31551.223191591584,,0.0006269838259959321,,
1787886000000,2026-08-28T03:00:00.000Z,0.00010116162470372462,0.16989915293924773,30.75,0.014267606555076872,0.0006622516556291391,0,4755741.033712171,SOURCE_USD,7615615718.859135,7611991237.217839,5041053.799482013,,0.020086653059126033,0.09963579211182966,,0.021761512460071252,0.19447685725398675,0.0008751458576425897,36950.1375101178,SOURCE_USD,191010.0604194653,162236.38965116395,31551.223191591584,,0.0006269838259959321,,
1787889600000,2026-08-28T04:00:00.000Z,0.00010126542942858442,0.16989915293924773,30.708333333333332,0.014267606555076872,0.0006622516556291391,0,4755741.033712171,SOURCE_USD,7615615806.895504,7611991237.217839,5041053.799482013,,0.020098741344671888,0.09963579211182966,,0.021761512460071252,0.19447685725398675,0.0008751458576425897,36950.1375101178,SOURCE_USD,191010.4986685291,162236.38965116395,31551.223191591584,,0.0006269838259959321,,
1787893200000,2026-08-28T05:00:00.000Z,0.00010136935669531697,0.16989915293924773,30.666666666666668,0.014267606555076872,0.0006622516556291391,0,4755741.033712171,SOURCE_USD,7615615895.022225,7611991237.217839,5041053.799482013,,0.020110837375648623,0.09963579211182966,,0.021761512460071252,0.19447685725398675,0.0008751458576425897,36950.1375101178,SOURCE_USD,191010.93718235052,162236.38965116395,31551.223191591584,,0.0006269838259959321,,
1787896800000,2026-08-28T06:00:00.000Z,0.00010147340455897063,0.16989915293924773,30.625,0.014267606555076872,0.0006622516556291391,0,4755741.033712171,SOURCE_USD,7615615983.239403,7611991237.217839,5041053.799482013,,0.020122940665778747,0.09963579211182966,,0.021761512460071252,0.19447685725398675,0.0008751458576425897,36950.1375101178,SOURCE_USD,191011.3759610897,162236.38965116395,31551.223191591584,,0.0006269838259959321,,
1787900400000,2026-08-28T07:00:00.000Z,0.000101577574964643,0.16989915293924773,30.583333333333332,0.014267606555076872,0.0006622516556291391,0,4755741.033712171,SOURCE_USD,7615616071.547142,7611991237.217839,5041053.799482013,,0.020135052705017076,0.09963579211182966,,0.021761512460071252,0.19447685725398675,0.0008751458576425897,36950.1375101178,SOURCE_USD,191011.81500493927,162236.38965116395,31551.223191591584,,0.0006269838259959321,,
1787904000000,2026-08-28T08:00:00.000Z,0.00010168186207689071,0.16989915293924773,30.541666666666668,0.014267606555076872,0.0006622516556291391,0,4755741.033712171,SOURCE_USD,7615616159.945545,7611991237.217839,5041053.799482013,,0.020147169519502142,0.09963579211182966,,0.021761512460071252,0.19447685725398675,0.0008751458576425897,36950.1375101178,SOURCE_USD,191012.25431400517,162236.38965116395,31551.223191591584,,0.0006269838259959321,,
1787907600000,2026-08-28T09:00:00.000Z,0.00010178627173108176,0.16989915293924773,30.5,0.014267606555076872,0.0006622516556291391,0,4755741.033712171,SOURCE_USD,7615616248.434722,7611991237.217839,5041053.799482013,,0.020159296096498115,0.09963579211182966,,0.021761512460071252,0.19447685725398675,0.0008751458576425897,36950.1375101178,SOURCE_USD,191012.69388850205,162236.38965116395,31551.223191591584,,0.0006269838259959321,,
1787911200000,2026-08-28T10:00:00.000Z,0.00010189080392739974,0.16989915293924773,30.458333333333332,0.014267606555076872,0.0006622516556291391,0,4755741.033712171,SOURCE_USD,7615616337.014774,7611991237.217839,5041053.799482013,,0.020171427421509267,0.09963579211182966,,0.021761512460071252,0.19447685725398675,0.0008751458576425897,36950.1375101178,SOURCE_USD,191013.13372853532,162236.38965116395,31551.223191591584,,0.0006269838259959321,,
1787914800000,2026-08-28T11:00:00.000Z,0.00010199545672044979,0.16989915293924773,30.416666666666668,0.014267606555076872,0.0006622516556291391,0,4755741.033712171,SOURCE_USD,7615616425.685808,7611991237.217839,5041053.799482013,,0.020183568028588828,0.09963579211182966,,0.021761512460071252,0.19447685725398675,0.0008751458576425897,36950.1375101178,SOURCE_USD,191013.57383430915,162236.38965116395,31551.223191591584,,0.0006269838259959321,,
1787918400000,2026-08-28T12:00:00.000Z,0.0001021002281652819,0.16989915293924773,30.375,0.014267606555076872,0.0006622516556291391,0,4755741.033712171,SOURCE_USD,7615616514.447928,7611991237.217839,5041053.799482013,,0.020195716416111485,0.09963579211182966,,0.021761512460071252,0.19447685725398675,0.0008751458576425897,36950.1375101178,SOURCE_USD,191014.0142059951,162236.38965116395,31551.223191591584,,0.0006269838259959321,,
1787922000000,2026-08-28T13:00:00.000Z,0.00010220512215212674,0.16989915293924773,30.333333333333332,0.014267606555076872,0.0006622516556291391,0,4755741.033712171,SOURCE_USD,7615616603.30124,7611991237.217839,5041053.799482013,,0.020207869012853718,0.09963579211182966,,0.021761512460071252,0.19447685725398675,0.0008751458576425897,36950.1375101178,SOURCE_USD,191014.45484368675,162236.38965116395,31551.223191591584,,0.0006269838259959321,,
1787925600000,2026-08-28T14:00:00.000Z,0.0001023101347906782,0.16989915293924773,30.291666666666668,0.014267606555076872,0.0006622516556291391,0,4755741.033712171,SOURCE_USD,7615616692.245849,7611991237.217839,5041053.799482013,,0.020220031940079135,0.09963579211182966,,0.021761512460071252,0.19447685725398675,0.0008751458576425897,36950.1375101178,SOURCE_USD,191014.89574761118,162236.38965116395,31551.223191591584,,0.0006269838259959321,,
1787929200000,2026-08-28T15:00:00.000Z,0.00010241527191652168,0.16989915293924773,30.25,0.014267606555076872,0.0006622516556291391,0,4755741.033712171,SOURCE_USD,7615616781.2818575,7611991237.217839,5041053.799482013,,0.02023220008409155,0.09963579211182966,,0.021761512460071252,0.19447685725398675,0.0008751458576425897,36950.1375101178,SOURCE_USD,191015.33691788395,162236.38965116395,31551.223191591584,,0.0006269838259959321,,
1787932800000,2026-08-28T16:00:00.000Z,0.00010252052574886236,0.16989915293924773,30.208333333333332,0.014267606555076872,0.0006622516556291391,0,4755741.033712171,SOURCE_USD,7615616870.409375,7611991237.217839,5041053.799482013,,0.02024437599882131,0.09963579211182966,,0.021761512460071252,0.19447685725398675,0.0008751458576425897,36950.1375101178,SOURCE_USD,191015.77835467647,162236.38965116395,31551.223191591584,,0.0006269838259959321,,
1787936400000,2026-08-28T17:00:00.000Z,0.00010262590601332928,0.16989915293924773,30.166666666666668,0.014267606555076872,0.0006622516556291391,0,4755741.033712171,SOURCE_USD,7615616959.628506,7611991237.217839,5041053.799482013,,0.02025655970371954,0.09963579211182966,,0.021761512460071252,0.19447685725398675,0.0008751458576425897,36950.1375101178,SOURCE_USD,191016.22005816034,162236.38965116395,31551.223191591584,,0.0006269838259959321,,
1787940000000,2026-08-28T18:00:00.000Z,0.00010273140298443963,0.16989915293924773,30.125,0.014267606555076872,0.0006622516556291391,0,4755741.033712171,SOURCE_USD,7615617048.939351,7611991237.217839,5041053.799482013,,0.020268751725911412,0.09963579211182966,,0.021761512460071252,0.19447685725398675,0.0008751458576425897,36950.1375101178,SOURCE_USD,191016.66202851874,162236.38965116395,31551.223191591584,,0.0006269838259959321,,
1787943600000,2026-08-28T19:00:00.000Z,0.00010283702444268754,0.16989915293924773,30.083333333333332,0.014267606555076872,0.0006622516556291391,0,4755741.033712171,SOURCE_USD,7615617138.342022,7611991237.217839,5041053.799482013,,0.020280948404698337,0.09963579211182966,,0.021761512460071252,0.19447685725398675,0.0008751458576425897,36950.1375101178,SOURCE_USD,191017.10426585516,162236.38965116395,31551.223191591584,,0.0006269838259959321,,
1787947200000,2026-08-28T20:00:00.000Z,0.00010294276260750333,0.16989915293924773,30.041666666666668,0.014267606555076872,0.0006622516556291391,0,4755741.033712171,SOURCE_USD,7615617227.836617,7611991237.217839,5041053.799482013,,0.020293153918178233,0.09963579211182966,,0.021761512460071252,0.19447685725398675,0.0008751458576425897,36950.1375101178,SOURCE_USD,191017.54677036408,162236.38965116395,31551.223191591584,,0.0006269838259959321,,
1787950800000,2026-08-28T21:00:00.000Z,0.00010304862525960143,0.16989915293924773,30,0.014267606555076872,0.0006622516556291391,0,4755741.033712171,SOURCE_USD,7615617317.423248,7611991237.217839,5041053.799482013,,0.020305366710262705,0.09963579211182966,,0.021761512460071252,0.19447685725398675,0.0008751458576425897,36950.1375101178,SOURCE_USD,191017.98954220602,162236.38965116395,31551.223191591584,,0.0006269838259959321,,
1787954400000,2026-08-28T22:00:00.000Z,0.00010315460656332384,0.16989915293924773,29.958333333333332,0.014267606555076872,0.0006622516556291391,0,4755741.033712171,SOURCE_USD,7615617407.102017,7611991237.217839,5041053.799482013,,0.0203175862441007,0.09963579211182966,,0.021761512460071252,0.19447685725398675,0.0008751458576425897,36950.1375101178,SOURCE_USD,191018.43258152978,162236.38965116395,31551.223191591584,,0.0006269838259959321,,
1787958000000,2026-08-28T23:00:00.000Z,0.00010326071040889672,0.16989915293924773,29.916666666666668,0.014267606555076872,0.0006622516556291391,0,4755741.033712171,SOURCE_USD,7615617496.87303,7611991237.217839,5041053.799482013,,0.020329813575887843,0.09963579211182966,,0.021761512460071252,0.19447685725398675,0.0008751458576425897,36950.1375101178,SOURCE_USD,191018.87588850746,162236.38965116395,31551.223191591584,,0.0006269838259959321,,
1787961600000,2026-08-29T00:00:00.000Z,0.00010336693485159335,0.16989654321690412,29.875,0.014147013568171486,0.0006622516556291391,0,4775733.628184818,SOURCE_USD,7615617586.73639,7611991237.217839,5041053.799482013,,0.020342049259980476,0.09932500218329872,,0.02181379582343191,0.19364458472918802,-0.004279545322515066,36661.13326921865,SOURCE_USD,191019.31946332284,162236.38965116395,31416.19830196238,,0.0006269838259959321,,
1787965200000,2026-08-29T01:00:00.000Z,0.00010347328378119435,0.16989654321690412,29.833333333333332,0.013490650680305314,0.0006622516556291391,0,4775733.628184818,SOURCE_USD,7615617676.692205,7611991237.217839,5041053.799482013,,0.020354288464723494,0.09932500218329872,,0.022026028676838273,0.19364458472918802,-0.004279545322515066,36661.13326921865,SOURCE_USD,191019.76330605464,162236.38965116395,31416.19830196238,,0.0006269838259959321,,
1787968800000,2026-08-29T02:00:00.000Z,0.00010357974747244744,0.16989654321690412,29.791666666666668,0.013490650680305314,0.0006622516556291391,0,4775733.628184818,SOURCE_USD,7615617766.740581,7611991237.217839,5041053.799482013,,0.02036653923704009,0.09932500218329872,,0.022026028676838273,0.19364458472918802,-0.004279545322515066,36661.13326921865,SOURCE_USD,191020.20741695695,162236.38965116395,31416.19830196238,,0.0006269838259959321,,
1787972400000,2026-08-29T03:00:00.000Z,0.00010368633759588062,0.16989654321690412,29.75,0.013490650680305314,0.0006622516556291391,0,4775733.628184818,SOURCE_USD,7615617856.88162,7611991237.217839,5041053.799482013,,0.020378794049351643,0.09932500218329872,,0.022026028676838273,0.19364458472918802,-0.004279545322515066,36661.13326921865,SOURCE_USD,191020.6517961198,162236.38965116395,31416.19830196238,,0.0006269838259959321,,
1787976000000,2026-08-29T04:00:00.000Z,0.00010379304442579892,0.16989654321690412,29.708333333333332,0.013490650680305314,0.0006622516556291391,0,4775733.628184818,SOURCE_USD,7615617947.115429,7611991237.217839,5041053.799482013,,0.020391058303230652,0.09932500218329872,,0.022026028676838273,0.19364458472918802,-0.004279545322515066,36661.13326921865,SOURCE_USD,191021.09644375084,162236.38965116395,31416.19830196238,,0.0006269838259959321,,
1787979600000,2026-08-29T05:00:00.000Z,0.00010389987768804055,0.16989654321690412,29.666666666666668,0.013490650680305314,0.0006622516556291391,0,4775733.628184818,SOURCE_USD,7615618037.442116,7611991237.217839,5041053.799482013,,0.020403330390070813,0.09932500218329872,,0.022026028676838273,0.19364458472918802,-0.004279545322515066,36661.13326921865,SOURCE_USD,191021.5413600228,162236.38965116395,31416.19830196238,,0.0006269838259959321,,
1787983200000,2026-08-29T06:00:00.000Z,0.00010400682960204295,0.16989654321690412,29.625,0.013490650680305314,0.0006622516556291391,0,4775733.628184818,SOURCE_USD,7615618127.861783,7611991237.217839,5041053.799482013,,0.020415606472168387,0.09932500218329872,,0.022026028676838273,0.19364458472918802,-0.004279545322515066,36661.13326921865,SOURCE_USD,191021.9865450246,162236.38965116395,31416.19830196238,,0.0006269838259959321,,
1787986800000,2026-08-29T07:00:00.000Z,0.00010411390405802869,0.16989654321690412,29.583333333333332,0.013490650680305314,0.0006622516556291391,0,4775733.628184818,SOURCE_USD,7615618218.374536,7611991237.217839,5041053.799482013,,0.020427893120107347,0.09932500218329872,,0.022026028676838273,0.19364458472918802,-0.004279545322515066,36661.13326921865,SOURCE_USD,191022.4319989886,162236.38965116395,31416.19830196238,,0.0006269838259959321,,
1787990400000,2026-08-29T08:00:00.000Z,0.00010422109522079013,0.16989654321690412,29.541666666666668,0.013490650680305314,0.0006622516556291391,0,4775733.628184818,SOURCE_USD,7615618308.980481,7611991237.217839,5041053.799482013,,0.020440184846730707,0.09932500218329872,,0.022026028676838273,0.19364458472918802,-0.004279545322515066,36661.13326921865,SOURCE_USD,191022.87772202745,162236.38965116395,31416.19830196238,,0.0006269838259959321,,
1787994000000,2026-08-29T09:00:00.000Z,0.00010432841281549511,0.16989654321690412,29.5,0.013490650680305314,0.0006622516556291391,0,4775733.628184818,SOURCE_USD,7615618399.679724,7611991237.217839,5041053.799482013,,0.020452484954835887,0.09932500218329872,,0.022026028676838273,0.19364458472918802,-0.004279545322515066,36661.13326921865,SOURCE_USD,191023.32371432567,162236.38965116395,31416.19830196238,,0.0006269838259959321,,
1787997600000,2026-08-29T10:00:00.000Z,0.00010443584906202831,0.16989654321690412,29.458333333333332,0.013490650680305314,0.0006622516556291391,0,4775733.628184818,SOURCE_USD,7615618490.472369,7611991237.217839,5041053.799482013,,0.020464791789134285,0.09932500218329872,,0.022026028676838273,0.19364458472918802,-0.004279545322515066,36661.13326921865,SOURCE_USD,191023.7699760319,162236.38965116395,31416.19830196238,,0.0006269838259959321,,
1788001200000,2026-08-29T11:00:00.000Z,0.00010454340979573983,0.16989654321690412,29.416666666666668,0.013490650680305314,0.0006622516556291391,0,4775733.628184818,SOURCE_USD,7615618581.358524,7611991237.217839,5041053.799482013,,0.02047710757872241,0.09932500218329872,,0.022026028676838273,0.19364458472918802,-0.004279545322515066,36661.13326921865,SOURCE_USD,191024.21650734328,162236.38965116395,31416.19830196238,,0.0006269838259959321,,
1788004800000,2026-08-29T12:00:00.000Z,0.00010465108723607257,0.16989654321690412,29.375,0.013490650680305314,0.0006622516556291391,0,4775733.628184818,SOURCE_USD,7615618672.338291,7611991237.217839,5041053.799482013,,0.0204894272915989,0.09932500218329872,,0.022026028676838273,0.19364458472918802,-0.004279545322515066,36661.13326921865,SOURCE_USD,191024.66330834734,162236.38965116395,31416.19830196238,,0.0006269838259959321,,
1788008400000,2026-08-29T13:00:00.000Z,0.00010475888916328288,0.16989654321690412,29.333333333333332,0.013490650680305314,0.0006622516556291391,0,4775733.628184818,SOURCE_USD,7615618763.411779,7611991237.217839,5041053.799482013,,0.020501757653956763,0.09932500218329872,,0.022026028676838273,0.19364458472918802,-0.004279545322515066,36661.13326921865,SOURCE_USD,191025.110379278,162236.38965116395,31416.19830196238,,0.0006269838259959321,,
1788012000000,2026-08-29T14:00:00.000Z,0.00010486681168773898,0.16989654321690412,29.291666666666668,0.013490650680305314,0.0006622516556291391,0,4775733.628184818,SOURCE_USD,7615618854.579092,7611991237.217839,5041053.799482013,,0.020514094176480403,0.09932500218329872,,0.022026028676838273,0.19364458472918802,-0.004279545322515066,36661.13326921865,SOURCE_USD,191025.5577202717,162236.38965116395,31416.19830196238,,0.0006269838259959321,,
1788015600000,2026-08-29T15:00:00.000Z,0.00010497485675386435,0.16989654321690412,29.25,0.013490650680305314,0.0006622516556291391,0,4775733.628184818,SOURCE_USD,7615618945.840336,7611991237.217839,5041053.799482013,,0.02052643628341671,0.09932500218329872,,0.022026028676838273,0.19364458472918802,-0.004279545322515066,36661.13326921865,SOURCE_USD,191026.00533145192,162236.38965116395,31416.19830196238,,0.0006269838259959321,,
1788019200000,2026-08-29T16:00:00.000Z,0.00010508302241693492,0.16989654321690412,29.208333333333332,0.013490650680305314,0.0006622516556291391,0,4775733.628184818,SOURCE_USD,7615619037.195615,7611991237.217839,5041053.799482013,,0.020538788512709526,0.09932500218329872,,0.022026028676838273,0.19364458472918802,-0.004279545322515066,36661.13326921865,SOURCE_USD,191026.45321304144,162236.38965116395,31416.19830196238,,0.0006269838259959321,,
1788022800000,2026-08-29T17:00:00.000Z,0.00010519130867691156,0.16989654321690412,29.166666666666668,0.013490650680305314,0.0006622516556291391,0,4775733.628184818,SOURCE_USD,7615619128.645037,7611991237.217839,5041053.799482013,,0.020551146322524947,0.09932500218329872,,0.022026028676838273,0.19364458472918802,-0.004279545322515066,36661.13326921865,SOURCE_USD,191026.9013651637,162236.38965116395,31416.19830196238,,0.0006269838259959321,,
1788026400000,2026-08-29T18:00:00.000Z,0.00010529971747888305,0.16989654321690412,29.125,0.013490650680305314,0.0006622516556291391,0,4775733.628184818,SOURCE_USD,7615619220.188706,7611991237.217839,5041053.799482013,,0.02056351199058781,0.09932500218329872,,0.022026028676838273,0.19364458472918802,-0.004279545322515066,36661.13326921865,SOURCE_USD,191027.34978799213,162236.38965116395,31416.19830196238,,0.0006269838259959321,,
1788030000000,2026-08-29T19:00:00.000Z,0.00010540824687768185,0.16989654321690412,29.083333333333332,0.013490650680305314,0.0006622516556291391,0,4775733.628184818,SOURCE_USD,7615619311.826728,7611991237.217839,5041053.799482013,,0.02057588379158483,0.09932500218329872,,0.022026028676838273,0.19364458472918802,-0.004279545322515066,36661.13326921865,SOURCE_USD,191027.79848166226,162236.38965116395,31416.19830196238,,0.0006269838259959321,,
1788033600000,2026-08-29T20:00:00.000Z,0.00010551689881839616,0.16989654321690412,29.041666666666668,0.013490650680305314,0.0006622516556291391,0,4775733.628184818,SOURCE_USD,7615619403.55921,7611991237.217839,5041053.799482013,,0.020588264610115103,0.09932500218329872,,0.022026028676838273,0.19364458472918802,-0.004279545322515066,36661.13326921865,SOURCE_USD,191028.24744637267,162236.38965116395,31416.19830196238,,0.0006269838259959321,,
1788037200000,2026-08-29T21:00:00.000Z,0.00010562567135608077,0.16989654321690412,29,0.013490650680305314,0.0006622516556291391,0,4775733.628184818,SOURCE_USD,7615619495.386254,7611991237.217839,5041053.799482013,,0.02060065098388179,0.09932500218329872,,0.022026028676838273,0.19364458472918802,-0.004279545322515066,36661.13326921865,SOURCE_USD,191028.69668224631,162236.38965116395,31416.19830196238,,0.0006269838259959321,,
1788040800000,2026-08-29T22:00:00.000Z,0.00010573456838072857,0.16989654321690412,28.958333333333332,0.013490650680305314,0.0006622516556291391,0,4775733.628184818,SOURCE_USD,7615619587.307971,7611991237.217839,5041053.799482013,,0.02061304638101718,0.09932500218329872,,0.022026028676838273,0.19364458472918802,-0.004279545322515066,36661.13326921865,SOURCE_USD,191029.14618948207,162236.38965116395,31416.19830196238,,0.0006269838259959321,,
1788044400000,2026-08-29T23:00:00.000Z,0.00010584358211223523,0.16989654321690412,28.916666666666668,0.013490650680305314,0.0006622516556291391,0,4775733.628184818,SOURCE_USD,7615619679.324463,7611991237.217839,5041053.799482013,,0.02062544790914174,0.09932500218329872,,0.022026028676838273,0.19364458472918802,-0.004279545322515066,36661.13326921865,SOURCE_USD,191029.5959682154,162236.38965116395,31416.19830196238,,0.0006269838259959321,,
1788048000000,2026-08-30T00:00:00.000Z,0.00010451525626283217,0.16989607382995228,28.875,0.01337542126546718,0.0006622516556291391,0,4767661.022018934,SOURCE_USD,7615619770.186158,7611940981.327629,5041020.517435516,,0.020637857313019443,0.09900851325274093,,0.022026028676838273,0.19364458472918802,-0.004279545322515066,36665.960570414056,SOURCE_USD,191030.04601861993,162236.38965116395,31416.19830196238,,0.0006269838259959321,,
1788051600000,2026-08-30T01:00:00.000Z,0.00010395127140403985,0.16989607382995228,28.833333333333332,0.013490650680305314,0.0006622516556291391,0,4767661.022018934,SOURCE_USD,7615619860.557547,7611940981.327629,5041020.517435516,,0.020650274009117536,0.09900851325274093,,0.022175915756201595,0.19364458472918802,-0.004279545322515066,36665.960570414056,SOURCE_USD,191030.49634085674,162236.38965116395,31416.19830196238,,0.0006269838259959321,,
1788055200000,2026-08-30T02:00:00.000Z,0.00010404875257387666,0.16989607382995228,28.791666666666668,0.013490650680305314,0.0006622516556291391,0,4767661.022018934,SOURCE_USD,7615619951.013682,7611940981.327629,5041020.517435516,,0.020662697408067053,0.09900851325274093,,0.022175915756201595,0.19364458472918802,-0.004279545322515066,36665.960570414056,SOURCE_USD,191030.9469350738,162236.38965116395,31416.19830196238,,0.0006269838259959321,,
1788058800000,2026-08-30T03:00:00.000Z,0.00010414633294428994,0.16989607382995228,28.75,0.013490650680305314,0.0006622516556291391,0,4767661.022018934,SOURCE_USD,7615620041.554652,7611940981.327629,5041020.517435516,,0.020675129281864057,0.09900851325274093,,0.022175915756201595,0.19364458472918802,-0.004279545322515066,36665.960570414056,SOURCE_USD,191031.39780145793,162236.38965116395,31416.19830196238,,0.0006269838259959321,,
1788062400000,2026-08-30T04:00:00.000Z,0.00010424402029577072,0.16989607382995228,28.708333333333332,0.013490650680305314,0.0006622516556291391,0,4767661.022018934,SOURCE_USD,7615620132.180546,7611940981.327629,5041020.517435516,,0.02068756607484618,0.09900851325274093,,0.022175915756201595,0.19364458472918802,-0.004279545322515066,36665.960570414056,SOURCE_USD,191031.84894011825,162236.38965116395,31416.19830196238,,0.0006269838259959321,,
1788066000000,2026-08-30T05:00:00.000Z,0.0001043418049028605,0.16989607382995228,28.666666666666668,0.013490650680305314,0.0006622516556291391,0,4767661.022018934,SOURCE_USD,7615620222.891454,7611940981.327629,5041020.517435516,,0.020700012540864135,0.09900851325274093,,0.022175915756201595,0.19364458472918802,-0.004279545322515066,36665.960570414056,SOURCE_USD,191032.30035126765,162236.38965116395,31416.19830196238,,0.0006269838259959321,,
1788069600000,2026-08-30T06:00:00.000Z,0.0001044396945460494,0.16989607382995228,28.625,0.013490650680305314,0.0006622516556291391,0,4767661.022018934,SOURCE_USD,7615620313.687464,7611940981.327629,5041020.517435516,,0.02071246510674922,0.09900851325274093,,0.022175915756201595,0.19364458472918802,-0.004279545322515066,36665.960570414056,SOURCE_USD,191032.75203504108,162236.38965116395,31416.19830196238,,0.0006269838259959321,,
1788073200000,2026-08-30T07:00:00.000Z,0.00010453768727995501,0.16989607382995228,28.583333333333332,0.013490650680305314,0.0006622516556291391,0,4767661.022018934,SOURCE_USD,7615620404.568665,7611940981.327629,5041020.517435516,,0.020724926773807367,0.09900851325274093,,0.022175915756201595,0.19364458472918802,-0.004279545322515066,36665.960570414056,SOURCE_USD,191033.203991639,162236.38965116395,31416.19830196238,,0.0006269838259959321,,
1788076800000,2026-08-30T08:00:00.000Z,0.0001046357772693813,0.16989607382995228,28.541666666666668,0.013490650680305314,0.0006622516556291391,0,4767661.022018934,SOURCE_USD,7615620495.535147,7611940981.327629,5041020.517435516,,0.02073739151803089,0.09900851325274093,,0.022175915756201595,0.19364458472918802,-0.004279545322515066,36665.960570414056,SOURCE_USD,191033.6562211303,162236.38965116395,31416.19830196238,,0.0006269838259959321,,
1788080400000,2026-08-30T09:00:00.000Z,0.00010473397423994505,0.16989607382995228,28.5,0.013490650680305314,0.0006622516556291391,0,4767661.022018934,SOURCE_USD,7615620586.586996,7611940981.327629,5041020.517435516,,0.02074986838612961,0.09900851325274093,,0.022175915756201595,0.19364458472918802,-0.004279545322515066,36665.960570414056,SOURCE_USD,191034.10872378148,162236.38965116395,31416.19830196238,,0.0006269838259959321,,
1788084000000,2026-08-30T10:00:00.000Z,0.00010483227235622803,0.16989607382995228,28.458333333333332,0.013490650680305314,0.0006622516556291391,0,4767661.022018934,SOURCE_USD,7615620677.789942,7611940981.393268,5041020.517478985,,0.020762350140346546,0.09900851325274093,,0.022175915756201595,0.19364458472918802,-0.004279545322515066,36665.960570414056,SOURCE_USD,191034.56149970082,162236.38965116395,31416.19830196238,,0.0006269838259959321,,
1788087600000,2026-08-30T11:00:00.000Z,0.00010493067356332915,0.16989607382995228,28.416666666666668,0.013490650680305314,0.0006622516556291391,0,4767661.022018934,SOURCE_USD,7615620769.012796,7611940981.393268,5041020.517478985,,0.020774839182893204,0.09900851325274093,,0.022175915756201595,0.19364458472918802,-0.004279545322515066,36665.960570414056,SOURCE_USD,191035.01454904943,162236.38965116395,31416.19830196238,,0.0006269838259959321,,
1788091200000,2026-08-30T12:00:00.000Z,0.0001050291798065685,0.16989607382995228,28.375,0.013490650680305314,0.0006622516556291391,0,4767661.022018934,SOURCE_USD,7615620860.321289,7611940981.393268,5041020.517478985,,0.02078733552738575,0.09900851325274093,,0.022175915756201595,0.19364458472918802,-0.004279545322515066,36665.960570414056,SOURCE_USD,191035.4678719883,162236.38965116395,31416.19830196238,,0.0006269838259959321,,
1788094800000,2026-08-30T13:00:00.000Z,0.0001051277833054018,0.16989607382995228,28.333333333333332,0.013490650680305314,0.0006622516556291391,0,4767661.022018934,SOURCE_USD,7615620951.715505,7611940981.393268,5041020.517478985,,0.02079984162660855,0.09900851325274093,,0.022175915756201595,0.19364458472918802,-0.004279545322515066,36665.960570414056,SOURCE_USD,191035.92146873227,162236.38965116395,31416.19830196238,,0.0006269838259959321,,
1788098400000,2026-08-30T14:00:00.000Z,0.00010522648989496263,0.16989607382995228,28.291666666666668,0.013490650680305314,0.0006622516556291391,0,4767661.022018934,SOURCE_USD,7615621043.195537,7611940981.393268,5041020.517478985,,0.02081235134179233,0.09900851325274093,,0.022175915756201595,0.19364458472918802,-0.004279545322515066,36665.960570414056,SOURCE_USD,191036.375339362,162236.38965116395,31416.19830196238,,0.0006269838259959321,,
1788102000000,2026-08-30T15:00:00.000Z,0.00010532530346547628,0.16989607382995228,28.25,0.013490650680305314,0.0006622516556291391,0,4767661.022018934,SOURCE_USD,7615621134.761471,7611940981.393268,5041020.517478985,,0.02082486958239653,0.09900851325274093,,0.022175915756201595,0.19364458472918802,-0.004279545322515066,36665.960570414056,SOURCE_USD,191036.8294840654,162236.38965116395,31416.19830196238,,0.0006269838259959321,,
1788105600000,2026-08-30T16:00:00.000Z,0.00010542421429171645,0.16989607382995228,28.208333333333332,0.013490650680305314,0.0006622516556291391,0,4767661.022018934,SOURCE_USD,7615621226.413398,7611940981.393268,5041020.517478985,,0.02083739574349157,0.09900851325274093,,0.022175915756201595,0.19364458472918802,-0.004279545322515066,36665.960570414056,SOURCE_USD,191037.2839030172,162236.38965116395,31416.19830196238,,0.0006269838259959321,,
1788109200000,2026-08-30T17:00:00.000Z,0.00010552323015394239,0.16989607382995228,28.166666666666668,0.013490650680305314,0.0006622516556291391,0,4767661.022018934,SOURCE_USD,7615621318.151406,7611940981.393268,5041020.517478985,,0.020849929210422568,0.09900851325274093,,0.022175915756201595,0.19364458472918802,-0.004279545322515066,36665.960570414056,SOURCE_USD,191037.73859637865,162236.38965116395,31416.19830196238,,0.0006269838259959321,,
1788112800000,2026-08-30T18:00:00.000Z,0.00010562234910699558,0.16989607382995228,28.125,0.013490650680305314,0.0006622516556291391,0,4767661.022018934,SOURCE_USD,7615621409.975586,7611940981.393268,5041020.517478985,,0.0208624699831895,0.09900851325274093,,0.022175915756201595,0.19364458472918802,-0.004279545322515066,36665.960570414056,SOURCE_USD,191038.193564311,162236.38965116395,31416.19830196238,,0.0006269838259959321,,
1788116400000,2026-08-30T19:00:00.000Z,0.00010572156920571822,0.16989607382995228,28.083333333333332,0.013490650680305314,0.0006622516556291391,0,4767661.022018934,SOURCE_USD,7615621501.886024,7611940981.393268,5041020.517478985,,0.020875016807195928,0.09900851325274093,,0.022175915756201595,0.19364458472918802,-0.004279545322515066,36665.960570414056,SOURCE_USD,191038.64880694813,162236.38965116395,31416.19830196238,,0.0006269838259959321,,
1788120000000,2026-08-30T20:00:00.000Z,0.00010582089434055612,0.16989607382995228,28.041666666666668,0.013490650680305314,0.0006622516556291391,0,4767661.022018934,SOURCE_USD,7615621593.882814,7611940981.393268,5041020.517478985,,0.020887572817960238,0.09900851325274093,,0.022175915756201595,0.19364458472918802,-0.004279545322515066,36665.960570414056,SOURCE_USD,191039.10432449242,162236.38965116395,31416.19830196238,,0.0006269838259959321,,
1788123600000,2026-08-30T21:00:00.000Z,0.00010592031867587569,0.16989607382995228,28,0.013490650680305314,0.0006622516556291391,0,4767661.022018934,SOURCE_USD,7615621685.966042,7611940981.393268,5041020.517478985,,0.02090013551018007,0.09900851325274093,,0.022175915756201595,0.19364458472918802,-0.004279545322515066,36665.960570414056,SOURCE_USD,191039.56011709152,162236.38965116395,31416.19830196238,,0.0006269838259959321,,
1788127200000,2026-08-30T22:00:00.000Z,0.0001060198480474711,0.16989607382995228,27.958333333333332,0.013490650680305314,0.0006622516556291391,0,4767661.022018934,SOURCE_USD,7615621778.135797,7611940981.393268,5041020.517478985,,0.020912704876074863,0.09900851325274093,,0.022175915756201595,0.19364458472918802,-0.004279545322515066,36665.960570414056,SOURCE_USD,191040.0161848929,162236.38965116395,31416.19830196238,,0.0006269838259959321,,
1788130800000,2026-08-30T23:00:00.000Z,0.00010611947856461417,0.16989607382995228,27.916666666666668,0.013490650680305314,0.0006622516556291391,0,4767661.022018934,SOURCE_USD,7615621870.392167,7611940981.393268,5041020.517478985,,0.02092528154391543,0.09900851325274093,,0.022175915756201595,0.19364458472918802,-0.004279545322515066,36665.960570414056,SOURCE_USD,191040.4725280579,162236.38965116395,31416.19830196238,,0.0006269838259959321,,
1788134400000,2026-08-31T00:00:00.000Z,0.00010621921411774908,0.1698936162748301,27.875,0.01337542126546718,0.0006622516556291391,0,4772942.722127551,SOURCE_USD,7615621962.735245,7611940981.393268,5041020.517478985,,0.02093786679941984,0.09868951962387333,,0.022175915756201595,0.19364458472918802,-0.004279545322515066,36662.66912259609,SOURCE_USD,191040.9291467756,162236.38965116395,31416.19830196238,,0.0006269838259959321,,
1788138000000,2026-08-31T01:00:00.000Z,0.00010631904887146644,0.1698936162748301,27.833333333333332,0.013490650680305314,0.0006622516556291391,0,4772942.722127551,SOURCE_USD,7615622055.165119,7611940981.393268,5041020.517478985,,0.02095045680293953,0.09868951962387333,,0.02244718677659432,0.19364458472918802,-0.004279545322515066,36662.66912259609,SOURCE_USD,191041.38604115156,162236.38965116395,31416.19830196238,,0.0006269838259959321,,
1788141600000,2026-08-31T02:00:00.000Z,0.00010641898866133593,0.1698936162748301,27.791666666666668,0.013490650680305314,0.0006622516556291391,0,4772942.722127551,SOURCE_USD,7615622147.681877,7611940981.393268,5041020.517478985,,0.02096305732172794,0.09868951962387333,,0.02244718677659432,0.19364458472918802,-0.004279545322515066,36662.66912259609,SOURCE_USD,191041.84321141712,162236.38965116395,31416.19830196238,,0.0006269838259959321,,
1788145200000,2026-08-31T03:00:00.000Z,0.00010651902959685284,0.1698936162748301,27.75,0.013490650680305314,0.0006622516556291391,0,4772942.722127551,SOURCE_USD,7615622240.285608,7611940981.393268,5041020.517478985,,0.020975663224582827,0.09868951962387333,,0.02244718677659432,0.19364458472918802,-0.004279545322515066,36662.66912259609,SOURCE_USD,191042.30065769167,162236.38965116395,31416.19830196238,,0.0006269838259959321,,
1788148800000,2026-08-31T04:00:00.000Z,0.00010661917751336306,0.1698936162748301,27.708333333333332,0.013490650680305314,0.0006622516556291391,0,4772942.722127551,SOURCE_USD,7615622332.976403,7611940981.393268,5041020.517478985,,0.020988276435218788,0.09868951962387333,,0.02244718677659432,0.19364458472918802,-0.004279545322515066,36662.66912259609,SOURCE_USD,191042.7583801365,162236.38965116395,31416.19830196238,,0.0006269838259959321,,
1788152400000,2026-08-31T05:00:00.000Z,0.00010671942268565241,0.1698936162748301,27.666666666666668,0.013490650680305314,0.0006622516556291391,0,4772942.722127551,SOURCE_USD,7615622425.754352,7611940981.393268,5041020.517478985,,0.021000898258804915,0.09868951962387333,,0.02244718677659432,0.19364458472918802,-0.004279545322515066,36662.66912259609,SOURCE_USD,191043.2163789415,162236.38965116395,31416.19830196238,,0.0006269838259959321,,
1788156000000,2026-08-31T06:00:00.000Z,0.00010681977289374767,0.1698936162748301,27.625,0.013490650680305314,0.0006622516556291391,0,4772942.722127551,SOURCE_USD,7615622518.619541,7611940981.393268,5041020.517478985,,0.02101352544117148,0.09868951962387333,,0.02244718677659432,0.19364458472918802,-0.004279545322515066,36662.66912259609,SOURCE_USD,191043.67465422547,162236.38965116395,31416.19830196238,,0.0006269838259959321,,
1788159600000,2026-08-31T07:00:00.000Z,0.00010692022619271442,0.1698936162748301,27.583333333333332,0.013490650680305314,0.0006622516556291391,0,4772942.722127551,SOURCE_USD,7615622611.572061,7611940981.393268,5041020.517478985,,0.021026161893935514,0.09868951962387333,,0.02244718677659432,0.19364458472918802,-0.004279545322515066,36662.66912259609,SOURCE_USD,191044.13320619255,162236.38965116395,31416.19830196238,,0.0006269838259959321,,
1788163200000,2026-08-31T08:00:00.000Z,0.00010702078258252161,0.1698936162748301,27.541666666666668,0.013490650680305314,0.0006622516556291391,0,4772942.722127551,SOURCE_USD,7615622704.612002,7611940981.393268,5041020.517478985,,0.021038804353201754,0.09868951962387333,,0.02244718677659432,0.19364458472918802,-0.004279545322515066,36662.66912259609,SOURCE_USD,191044.59203497585,162236.38965116395,31416.19830196238,,0.0006269838259959321,,
1788166800000,2026-08-31T09:00:00.000Z,0.00010712144011823574,0.1698936162748301,27.5,0.013490650680305314,0.0006622516556291391,0,4772942.722127551,SOURCE_USD,7615622797.739454,7611940981.393268,5041020.517478985,,0.02105145412608419,0.09868951962387333,,0.02244718677659432,0.19364458472918802,-0.004279545322515066,36662.66912259609,SOURCE_USD,191045.0511407367,162236.38965116395,31416.19830196238,,0.0006269838259959321,,
1788170400000,2026-08-31T10:00:00.000Z,0.00010722220074472846,0.1698936162748301,27.458333333333332,0.013490650680305314,0.0006622516556291391,0,4772942.722127551,SOURCE_USD,7615622890.954505,7611940981.393268,5041020.517478985,,0.02106411120674786,0.09868951962387333,,0.02244718677659432,0.19364458472918802,-0.004279545322515066,36662.66912259609,SOURCE_USD,191045.51052363662,162236.38965116395,31416.19830196238,,0.0006269838259959321,,
1788174000000,2026-08-31T11:00:00.000Z,0.00010732306640731467,0.1698936162748301,27.416666666666668,0.013490650680305314,0.0006622516556291391,0,4772942.722127551,SOURCE_USD,7615622984.257245,7611940981.393268,5041020.517478985,,0.021076776931483566,0.09868951962387333,,0.02244718677659432,0.19364458472918802,-0.004279545322515066,36662.66912259609,SOURCE_USD,191045.97018386598,162236.38965116395,31416.19830196238,,0.0006269838259959321,,
1788177600000,2026-08-31T12:00:00.000Z,0.00010742403516061673,0.1698936162748301,27.375,0.013490650680305314,0.0006622516556291391,0,4772942.722127551,SOURCE_USD,7615623077.647763,7611940981.393268,5041020.517478985,,0.021089448651050547,0.09868951962387333,,0.02244718677659432,0.19364458472918802,-0.004279545322515066,36662.66912259609,SOURCE_USD,191046.43012155753,162236.38965116395,31416.19830196238,,0.0006269838259959321,,
1788181200000,2026-08-31T13:00:00.000Z,0.00010752510311457815,0.1698936162748301,27.333333333333332,0.013490650680305314,0.0006622516556291391,0,4772942.722127551,SOURCE_USD,7615623171.126149,7611940981.393268,5041020.517478985,,0.02110212834946165,0.09868951962387333,,0.02244718677659432,0.19364458472918802,-0.004279545322515066,36662.66912259609,SOURCE_USD,191046.8903368874,162236.38965116395,31416.19830196238,,0.0006269838259959321,,
1788184800000,2026-08-31T14:00:00.000Z,0.00010762627610453923,0.1698936162748301,27.291666666666668,0.013490650680305314,0.0006622516556291391,0,4772942.722127551,SOURCE_USD,7615623264.692492,7611940981.393268,5041020.517478985,,0.021114815373160054,0.09868951962387333,,0.02244718677659432,0.19364458472918802,-0.004279545322515066,36662.66912259609,SOURCE_USD,191047.35083001715,162236.38965116395,31416.19830196238,,0.0006269838259959321,,
1788188400000,2026-08-31T15:00:00.000Z,0.00010772755413046803,0.1698936162748301,27.25,0.013490650680305314,0.0006622516556291391,0,4772942.722127551,SOURCE_USD,7615623358.346881,7611940981.393268,5041020.517478985,,0.02112750837029337,0.09868951962387333,,0.02244718677659432,0.19364458472918802,-0.004279545322515066,36662.66912259609,SOURCE_USD,191047.81160107924,162236.38965116395,31416.19830196238,,0.0006269838259959321,,
1788192000000,2026-08-31T16:00:00.000Z,0.00010909362096354716,0.1698936162748301,27.208333333333332,0.013490650680305314,0.0006622516556291391,0,4772942.722127551,SOURCE_USD,7615623453.188884,7611827270.338589,5040945.21214476,,0.02114021070201306,0.09868951962387333,,0.02244718677659432,0.19364458472918802,-0.004279545322515066,36662.66912259609,SOURCE_USD,191048.27265027916,162236.38965116395,31416.19830196238,,0.0006269838259959321,,
1788195600000,2026-08-31T17:00:00.000Z,0.0001087630299423691,0.1698936162748301,27.166666666666668,0.013490650680305314,0.0006622516556291391,0,4772942.722127551,SOURCE_USD,7615623547.743483,7611827270.338589,5040945.21214476,,0.021152919011058112,0.09868951962387333,,0.02244718677659432,0.19364458472918802,-0.004279545322515066,36662.66912259609,SOURCE_USD,191048.73397774933,162236.38965116395,31416.19830196238,,0.0006269838259959321,,
1788199200000,2026-08-31T18:00:00.000Z,0.00010885899198056382,0.1698936162748301,27.125,0.013490650680305314,0.0006622516556291391,0,4772942.722127551,SOURCE_USD,7615623642.401812,7611827270.358893,5040945.212158208,,0.021165635316453553,0.09868951962387333,,0.02244718677659432,0.19364458472918802,-0.004279545322515066,36662.66912259609,SOURCE_USD,191049.1955836661,162236.38965116395,31416.19830196238,,0.0006269838259959321,,
1788202800000,2026-08-31T19:00:00.000Z,0.00010895504738423326,0.1698936162748301,27.083333333333332,0.013490650680305314,0.0006622516556291391,0,4772942.722127551,SOURCE_USD,7615623737.123345,7611827270.358893,5040945.212158208,,0.02117835894519091,0.09868951962387333,,0.02244718677659432,0.19364458472918802,-0.004279545322515066,36662.66912259609,SOURCE_USD,191049.65746819126,162236.38965116395,31416.19830196238,,0.0006269838259959321,,
1788206400000,2026-08-31T20:00:00.000Z,0.00010905119420822982,0.1698936162748301,27.041666666666668,0.013490650680305314,0.0006622516556291391,0,4772942.722127551,SOURCE_USD,7615623831.928468,7611827270.358893,5040945.212158208,,0.021191087851013587,0.09868951962387333,,0.02244718677659432,0.19364458472918802,-0.004279545322515066,36662.66912259609,SOURCE_USD,191050.11963144183,162236.38965116395,31416.19830196238,,0.0006269838259959321,,
1788210000000,2026-08-31T21:00:00.000Z,0.00010914744023256509,0.1698936162748301,27,0.013490650680305314,0.0006622516556291391,0,4772942.722127551,SOURCE_USD,7615623926.817263,7611827270.358893,5040945.212158208,,0.02120382749384753,0.09868951962387333,,0.02244718677659432,0.19364458472918802,-0.004279545322515066,36662.66912259609,SOURCE_USD,191050.58207365408,162236.38965116395,31416.19830196238,,0.0006269838259959321,,
1788213600000,2026-08-31T22:00:00.000Z,0.00010924377573227491,0.1698936162748301,26.958333333333332,0.013490650680305314,0.0006622516556291391,0,4772942.722127551,SOURCE_USD,7615624021.789811,7611827270.358893,5040945.212158208,,0.02121657309650083,0.09868951962387333,,0.02244718677659432,0.19364458472918802,-0.004279545322515066,36662.66912259609,SOURCE_USD,191051.04479496,162236.38965116395,31416.19830196238,,0.0006269838259959321,,
1788217200000,2026-08-31T23:00:00.000Z,0.00010934020848736993,0.1698936162748301,26.916666666666668,0.013490650680305314,0.0006622516556291391,0,4772942.722127551,SOURCE_USD,7615624116.846193,7611827270.358893,5040945.212158208,,0.021229324651193048,0.09868951962387333,,0.02244718677659432,0.19364458472918802,-0.004279545322515066,36662.66912259609,SOURCE_USD,191051.50779549137,162236.38965116395,31416.19830196238,,0.0006269838259959321,,
1788220800000,2026-09-01T00:00:00.000Z,0.00010943673266268417,0.16989034479529355,26.875,0.01361860602624578,0.000664451827242525,0.0033222591362127574,4755146.291659729,SOURCE_USD,7615624211.986493,7611827270.358893,5057692.538444447,,0.02124208490442028,0.09835750875123539,,0.022180141704525737,0.1933562782783557,-0.0014888433427432402,36945.78781842217,SOURCE_USD,191051.97107543997,162236.38965116395,31369.4245042662,,0.0006269838259959321,,
1788224400000,2026-09-01T01:00:00.000Z,0.0001095333521484307,0.16989034479529355,26.833333333333332,0.013736546153950105,0.000664451827242525,0.0033222591362127574,4755146.291659729,SOURCE_USD,7615624307.21079,7611827270.358893,5057692.538444447,,0.021254853877579177,0.09835750875123539,,0.02241054375917833,0.1933562782783557,-0.0014888433427432402,36945.78781842217,SOURCE_USD,191052.43463499795,162236.38965116395,31369.4245042662,,0.0006269838259959321,,
1788228000000,2026-09-01T02:00:00.000Z,0.00010963006110922322,0.16989034479529355,26.791666666666668,0.013736546153950105,0.000664451827242525,0.0033222591362127574,4755146.291659729,SOURCE_USD,7615624402.519165,7611827270.358893,5057692.538444447,,0.02126762601154296,0.09835750875123539,,0.02241054375917833,0.1933562782783557,-0.0014888433427432402,36945.78781842217,SOURCE_USD,191052.8984742364,162236.38965116395,31369.4245042662,,0.0006269838259959321,,
1788231600000,2026-09-01T03:00:00.000Z,0.00010972686927063258,0.16989034479529355,26.75,0.013736546153950105,0.000664451827242525,0.0033222591362127574,4755146.291659729,SOURCE_USD,7615624497.911702,7611827270.358893,5057692.538444447,,0.021280409645001504,0.09835750875123539,,0.02241054375917833,0.1933562782783557,-0.0014888433427432402,36945.78781842217,SOURCE_USD,191053.36259340803,162236.38965116395,31369.4245042662,,0.0006269838259959321,,
1788235200000,2026-09-01T04:00:00.000Z,0.00010982376885237533,0.16989034479529355,26.708333333333332,0.013736546153950105,0.000664451827242525,0.0033222591362127574,4755146.291659729,SOURCE_USD,7615624593.38848,7611827270.358893,5057692.538444447,,0.0212931978202934,0.09835750875123539,,0.02241054375917833,0.1933562782783557,-0.0014888433427432402,36945.78781842217,SOURCE_USD,191053.82699261393,162236.38965116395,31369.4245042662,,0.0006269838259959321,,
1788238800000,2026-09-01T05:00:00.000Z,0.00010992076179932179,0.16989034479529355,26.666666666666668,0.013736546153950105,0.000664451827242525,0.0033222591362127574,4755146.291659729,SOURCE_USD,7615624688.95466,7611827270.36397,5057692.538447821,,0.021305994719407122,0.09835750875123539,,0.02241054375917833,0.1933562782783557,-0.0014888433427432402,36945.78781842217,SOURCE_USD,191054.29167204647,162236.38965116395,31369.4245042662,,0.0006269838259959321,,
1788242400000,2026-09-01T06:00:00.000Z,0.00011001785200190448,0.16989034479529355,26.625,0.013736546153950105,0.000664451827242525,0.0033222591362127574,4755146.291659729,SOURCE_USD,7615624784.60017,7611827270.36397,5057692.538447821,,0.021318798247458397,0.09835750875123539,,0.02241054375917833,0.1933562782783557,-0.0014888433427432402,36945.78781842217,SOURCE_USD,191054.75663185224,162236.38965116395,31369.4245042662,,0.0006269838259959321,,
1788246000000,2026-09-01T07:00:00.000Z,0.00011011503362473921,0.16989034479529355,26.583333333333332,0.013736546153950105,0.000664451827242525,0.0033222591362127574,4755146.291659729,SOURCE_USD,7615624880.330167,7611827270.36397,5057692.538447821,,0.02133161122680256,0.09835750875123539,,0.02241054375917833,0.1933562782783557,-0.0014888433427432402,36945.78781842217,SOURCE_USD,191055.22187223943,162236.38965116395,31369.4245042662,,0.0006269838259959321,,
1788249600000,2026-09-01T08:00:00.000Z,0.00011021230861269575,0.16989034479529355,26.541666666666668,0.013736546153950105,0.000664451827242525,0.0033222591362127574,4755146.291659729,SOURCE_USD,7615624976.144733,7611827270.36397,5057692.538447821,,0.021344427293037344,0.09835750875123539,,0.02241054375917833,0.1933562782783557,-0.0014888433427432402,36945.78781842217,SOURCE_USD,191055.68739327736,162236.38965116395,31369.4245042662,,0.0006269838259959321,,
1788253200000,2026-09-01T09:00:00.000Z,0.0001103096769661909,0.16989034479529355,26.5,0.013736546153950105,0.000664451827242525,0.0033222591362127574,4755146.291659729,SOURCE_USD,7615625072.043951,7611827270.36397,5057692.538447821,,0.02135725423244139,0.09835750875123539,,0.02241054375917833,0.1933562782783557,-0.0014888433427432402,36945.78781842217,SOURCE_USD,191056.15319520523,162236.38965116395,31369.4245042662,,0.0006269838259959321,,
1788256800000,2026-09-01T10:00:00.000Z,0.0001104071425749894,0.16989034479529355,26.458333333333332,0.013736546153950105,0.000664451827242525,0.0033222591362127574,4755146.291659729,SOURCE_USD,7615625168.033004,7611827270.369073,5057692.5384512115,,0.02137008851074825,0.09835750875123539,,0.02241054375917833,0.1933562782783557,-0.0014888433427432402,36945.78781842217,SOURCE_USD,191056.6192781852,162236.38965116395,31369.4245042662,,0.0006269838259959321,,
1788260400000,2026-09-01T11:00:00.000Z,0.00011050469960415333,0.16989034479529355,26.416666666666668,0.013736546153950105,0.000664451827242525,0.0033222591362127574,4755146.291659729,SOURCE_USD,7615625264.101768,7611827270.369073,5057692.5384512115,,0.021382929419937413,0.09835750875123539,,0.02241054375917833,0.1933562782783557,-0.0014888433427432402,36945.78781842217,SOURCE_USD,191057.08564236385,162236.38965116395,31369.4245042662,,0.0006269838259959321,,
1788264000000,2026-09-01T12:00:00.000Z,0.00011060234999855155,0.16989034479529355,26.375,0.013736546153950105,0.000664451827242525,0.0033222591362127574,4755146.291659729,SOURCE_USD,7615625360.255427,7611827270.369073,5057692.5384512115,,0.021395776228647596,0.09835750875123539,,0.02241054375917833,0.1933562782783557,-0.0014888433427432402,36945.78781842217,SOURCE_USD,191057.55228787195,162236.38965116395,31369.4245042662,,0.0006269838259959321,,
1788267600000,2026-09-01T13:00:00.000Z,0.0001107000976486137,0.16989034479529355,26.333333333333332,0.013736546153950105,0.000664451827242525,0.0033222591362127574,4755146.291659729,SOURCE_USD,7615625456.494066,7611827270.369073,5057692.5384512115,,0.021408631802026873,0.09835750875123539,,0.02241054375917833,0.1933562782783557,-0.0014888433427432402,36945.78781842217,SOURCE_USD,191058.0192149028,162236.38965116395,31369.4245042662,,0.0006269838259959321,,
1788271200000,2026-09-01T14:00:00.000Z,0.00011079793866385468,0.16989034479529355,26.291666666666668,0.013736546153950105,0.000664451827242525,0.0033222591362127574,4755146.291659729,SOURCE_USD,7615625552.817763,7611827270.369073,5057692.5384512115,,0.02142149399656285,0.09835750875123539,,0.02241054375917833,0.1933562782783557,-0.0014888433427432402,36945.78781842217,SOURCE_USD,191058.4864236027,162236.38965116395,31369.4245042662,,0.0006269838259959321,,
1788274800000,2026-09-01T15:00:00.000Z,0.00011089586915423493,0.16989034479529355,26.25,0.013736546153950105,0.000664451827242525,0.0033222591362127574,4755146.291659729,SOURCE_USD,7615625649.226603,7611827270.369073,5057692.5384512115,,0.021434364243857557,0.09835750875123539,,0.02241054375917833,0.1933562782783557,-0.0014888433427432402,36945.78781842217,SOURCE_USD,191058.95391414955,162236.38965116395,31369.4245042662,,0.0006269838259959321,,
1788278400000,2026-09-01T16:00:00.000Z,0.00011099389884531265,0.16989034479529355,26.208333333333332,0.013736546153950105,0.000664451827242525,0.0033222591362127574,4755146.291659729,SOURCE_USD,7615625745.720665,7611827270.369073,5057692.5384512115,,0.021447241837835352,0.09835750875123539,,0.02241054375917833,0.1933562782783557,-0.0014888433427432402,36945.78781842217,SOURCE_USD,191059.42168670543,162236.38965116395,31369.4245042662,,0.0006269838259959321,,
1788282000000,2026-09-01T17:00:00.000Z,0.00011109202190170854,0.16989034479529355,26.166666666666668,0.013736546153950105,0.000664451827242525,0.0033222591362127574,4755146.291659729,SOURCE_USD,7615625842.300032,7611827270.369073,5057692.5384512115,,0.021460126770715883,0.09835750875123539,,0.02241054375917833,0.1933562782783557,-0.0014888433427432402,36945.78781842217,SOURCE_USD,191059.88974143265,162236.38965116395,31369.4245042662,,0.0006269838259959321,,
1788285600000,2026-09-01T18:00:00.000Z,0.00011119023637827857,0.16989034479529355,26.125,0.013736546153950105,0.000664451827242525,0.0033222591362127574,4755146.291659729,SOURCE_USD,7615625938.964787,7611827270.369073,5057692.5384512115,,0.021473018316973087,0.09835750875123539,,0.02241054375917833,0.1933562782783557,-0.0014888433427432402,36945.78781842217,SOURCE_USD,191060.35807847738,162236.38965116395,31369.4245042662,,0.0006269838259959321,,
1788289200000,2026-09-01T19:00:00.000Z,0.00011128854811034487,0.16989034479529355,26.083333333333332,0.013736546153950105,0.000664451827242525,0.0033222591362127574,4755146.291659729,SOURCE_USD,7615626035.715009,7611827270.369073,5057692.5384512115,,0.02148591646299098,0.09835750875123539,,0.02241054375917833,0.1933562782783557,-0.0014888433427432402,36945.78781842217,SOURCE_USD,191060.82669798573,162236.38965116395,31369.4245042662,,0.0006269838259959321,,
1788292800000,2026-09-01T20:00:00.000Z,0.00011138695320764641,0.16989034479529355,26.041666666666668,0.013736546153950105,0.000664451827242525,0.0033222591362127574,4755146.291659729,SOURCE_USD,7615626132.555821,7611827270.374111,5057692.53845456,,0.021498824885028925,0.09835750875123539,,0.02241054375917833,0.1933562782783557,-0.0014888433427432402,36945.78781842217,SOURCE_USD,191061.29560018386,162236.38965116395,31369.4245042662,,0.0006269838259959321,,
1788296400000,2026-09-01T21:00:00.000Z,0.00011146246046137344,0.16989034479529355,26,0.013736546153950105,0.000664451827242525,0.0033222591362127574,4755146.291659729,SOURCE_USD,7668310021.887267,7664511062.784151,5092698.380587476,,0.021511738451884845,0.09835750875123539,,0.02241054375917833,0.1933562782783557,-0.0014888433427432402,36945.78781842217,SOURCE_USD,191061.764785186,162236.38965116395,31369.4245042662,,0.0006269838259959321,,
1788300000000,2026-09-01T22:00:00.000Z,0.00011081742672843359,0.16989034479529355,25.958333333333332,0.013736546153950105,0.000664451827242525,0.0033222591362127574,4755146.291659729,SOURCE_USD,7668310118.894386,7664511062.784151,5092698.380587476,,0.02152466009678549,0.09835750875123539,,0.02241054375917833,0.1933562782783557,-0.0014888433427432402,36945.78781842217,SOURCE_USD,191062.23425317055,162236.38965116395,31369.4245042662,,0.0006269838259959321,,
1788303600000,2026-09-01T23:00:00.000Z,0.00011091543307802477,0.16989034479529355,25.916666666666668,0.013736546153950105,0.000664451827242525,0.0033222591362127574,4755146.291659729,SOURCE_USD,7668310215.987304,7664511062.784151,5092698.380587476,,0.021537587602305015,0.09835750875123539,,0.02241054375917833,0.1933562782783557,-0.0014888433427432402,36945.78781842217,SOURCE_USD,191062.70400426732,162236.38965116395,31369.4245042662,,0.0006269838259959321,,
1788307200000,2026-09-02T00:00:00.000Z,0.00011101353862851863,0.16988871466700367,25.875,0.01379427713206956,0.0006622516556291391,-0.0033112582781457123,4816001.14593575,SOURCE_USD,7668310313.166099,7664511062.784151,5075835.140916657,,0.02155052467971435,0.09803527662920555,,0.022581958541590032,0.19234838138837063,-0.005212641135624807,37229.84607394801,SOURCE_USD,191063.17403868717,162236.38965116395,31205.90695169439,,0.0006268278199463,,
1788310800000,2026-09-02T01:00:00.000Z,0.0001111117336538586,0.16988871466700367,25.833333333333332,0.01391321299194097,0.0006622516556291391,-0.0033112582781457123,4816001.14593575,SOURCE_USD,7668310410.430854,7664511062.784151,5075835.140916657,,0.021563466864984504,0.09803527662920555,,0.022581958541590032,0.19234838138837063,-0.005212641135624807,37229.84607394801,SOURCE_USD,191063.64435654366,162236.38965116395,31205.90695169439,,0.0006268278199463,,
1788314400000,2026-09-02T02:00:00.000Z,0.00011121002398981178,0.16988871466700367,25.791666666666668,0.01391321299194097,0.0006622516556291391,-0.0033112582781457123,4816001.14593575,SOURCE_USD,7668310507.78165,7664511062.784151,5075835.140916657,,0.02157641789078298,0.09803527662920555,,0.022581958541590032,0.19234838138837063,-0.005212641135624807,37229.84607394801,SOURCE_USD,191064.11495803157,162236.38965116395,31205.90695169439,,0.0006268278199463,,
1788318000000,2026-09-02T03:00:00.000Z,0.00011130840574589549,0.16988871466700367,25.75,0.01391321299194097,0.0006622516556291391,-0.0033112582781457123,4816001.14593575,SOURCE_USD,7668310605.21857,7664511062.784151,5075835.140916657,,0.021589377012132295,0.09803527662920555,,0.022581958541590032,0.19234838138837063,-0.005212641135624807,37229.84607394801,SOURCE_USD,191064.58584332964,162236.38965116395,31205.90695169439,,0.0006268278199463,,
1788321600000,2026-09-02T04:00:00.000Z,0.0001114068828123149,0.16988871466700367,25.708333333333332,0.01391321299194097,0.0006622516556291391,-0.0033112582781457123,4816001.14593575,SOURCE_USD,7668310702.741695,7664511062.784151,5075835.140916657,,0.02160234198631989,0.09803527662920555,,0.022581958541590032,0.19234838138837063,-0.005212641135624807,37229.84607394801,SOURCE_USD,191065.05701256765,162236.38965116395,31205.90695169439,,0.0006268278199463,,
1788325200000,2026-09-02T05:00:00.000Z,0.00011150545518926395,0.16988871466700367,25.666666666666668,0.01391321299194097,0.0006622516556291391,-0.0033112582781457123,4816001.14593575,SOURCE_USD,7668310800.356501,7664511062.789541,5075835.1409202255,,0.021615314303300475,0.09803527662920555,,0.022581958541590032,0.19234838138837063,-0.005212641135624807,37229.84607394801,SOURCE_USD,191065.5284659078,162236.38965116395,31205.90695169439,,0.0006268278199463,,
1788328800000,2026-09-02T06:00:00.000Z,0.00011160412093137666,0.16988871466700367,25.625,0.01391321299194097,0.0006622516556291391,-0.0033112582781457123,4816001.14593575,SOURCE_USD,7668310898.052284,7664511062.789541,5075835.1409202255,,0.02162829548026041,0.09803527662920555,,0.022581958541590032,0.19234838138837063,-0.005212641135624807,37229.84607394801,SOURCE_USD,191066.00020354547,162236.38965116395,31205.90695169439,,0.0006268278199463,,
1788332400000,2026-09-02T07:00:00.000Z,0.0001117028761488384,0.16988871466700367,25.583333333333332,0.01391321299194097,0.0006622516556291391,-0.0033112582781457123,4816001.14593575,SOURCE_USD,7668310995.834521,7664511062.789541,5075835.1409202255,,0.02164128097925661,0.09803527662920555,,0.022581958541590032,0.19234838138837063,-0.005212641135624807,37229.84607394801,SOURCE_USD,191066.47222557696,162236.38965116395,31205.90695169439,,0.0006268278199463,,
1788336000000,2026-09-02T08:00:00.000Z,0.00011180172862163997,0.16988871466700367,25.541666666666668,0.01391321299194097,0.0006622516556291391,-0.0033112582781457123,4816001.14593575,SOURCE_USD,7668311093.70329,7664511062.789541,5075835.1409202255,,0.021654277623737114,0.09803527662920555,,0.022581958541590032,0.19234838138837063,-0.005212641135624807,37229.84607394801,SOURCE_USD,191066.9445322475,162236.38965116395,31205.90695169439,,0.0006268278199463,,
1788339600000,2026-09-02T09:00:00.000Z,0.00011190067640508142,0.16988871466700367,25.5,0.01391321299194097,0.0006622516556291391,-0.0033112582781457123,4816001.14593575,SOURCE_USD,7668311191.658678,7664511062.789541,5075835.1409202255,,0.02166727933912151,0.09803527662920555,,0.022581958541590032,0.19234838138837063,-0.005212641135624807,37229.84607394801,SOURCE_USD,191067.41712366982,162236.38965116395,31205.90695169439,,0.0006268278199463,,
1788343200000,2026-09-02T10:00:00.000Z,0.00011199971366334559,0.16988871466700367,25.458333333333332,0.01391321299194097,0.0006622516556291391,-0.0033112582781457123,4816001.14593575,SOURCE_USD,7668311289.700762,7664511062.789541,5075835.1409202255,,0.021680289169507812,0.09803527662920555,,0.022581958541590032,0.19234838138837063,-0.005212641135624807,37229.84607394801,SOURCE_USD,191067.89000002304,162236.38965116395,31205.90695169439,,0.0006268278199463,,
1788346800000,2026-09-02T11:00:00.000Z,0.0001120988462321942,0.16988871466700367,25.416666666666668,0.01391321299194097,0.0006622516556291391,-0.0033112582781457123,4816001.14593575,SOURCE_USD,7668311387.829627,7664511062.789541,5075835.1409202255,,0.02169330481966541,0.09803527662920555,,0.022581958541590032,0.19234838138837063,-0.005212641135624807,37229.84607394801,SOURCE_USD,191068.3631614362,162236.38965116395,31205.90695169439,,0.0006268278199463,,
1788350400000,2026-09-02T12:00:00.000Z,0.00011219807411137685,0.16988871466700367,25.375,0.01391321299194097,0.0006622516556291391,-0.0033112582781457123,4816001.14593575,SOURCE_USD,7668311486.045354,7664511062.789541,5075835.1409202255,,0.021706328584825123,0.09803527662920555,,0.022581958541590032,0.19234838138837063,-0.005212641135624807,37229.84607394801,SOURCE_USD,191068.8366080883,162236.38965116395,31205.90695169439,,0.0006268278199463,,
1788354000000,2026-09-02T13:00:00.000Z,0.0001122973934108585,0.16988871466700367,25.333333333333332,0.01391321299194097,0.0006622516556291391,-0.0033112582781457123,4816001.14593575,SOURCE_USD,7668311584.348025,7664511062.789541,5075835.1409202255,,0.02171936201718514,0.09803527662920555,,0.022581958541590032,0.19234838138837063,-0.005212641135624807,37229.84607394801,SOURCE_USD,191069.31034019252,162236.38965116395,31205.90695169439,,0.0006268278199463,,
1788357600000,2026-09-02T14:00:00.000Z,0.00011239680996595441,0.16988871466700367,25.291666666666668,0.01391321299194097,0.0006622516556291391,-0.0033112582781457123,4816001.14593575,SOURCE_USD,7668311682.737723,7664511062.789541,5075835.1409202255,,0.021732401273206643,0.09803527662920555,,0.022581958541590032,0.19234838138837063,-0.005212641135624807,37229.84607394801,SOURCE_USD,191069.7843578778,162236.38965116395,31205.90695169439,,0.0006268278199463,,
1788361200000,2026-09-02T15:00:00.000Z,0.00011249631794107161,0.16988871466700367,25.25,0.01391321299194097,0.0006622516556291391,-0.0033112582781457123,4816001.14593575,SOURCE_USD,7668311781.214529,7664511062.789541,5075835.1409202255,,0.021745446331493765,0.09803527662920555,,0.022581958541590032,0.19234838138837063,-0.005212641135624807,37229.84607394801,SOURCE_USD,191070.2586612729,162236.38965116395,31205.90695169439,,0.0006268278199463,,
1788364800000,2026-09-02T16:00:00.000Z,0.00011259592122663244,0.16988871466700367,25.208333333333332,0.01391321299194097,0.0006622516556291391,-0.0033112582781457123,4816001.14593575,SOURCE_USD,7668311879.778527,7664511062.789541,5075835.1409202255,,0.021758499516453235,0.09803527662920555,,0.022581958541590032,0.19234838138837063,-0.005212641135624807,37229.84607394801,SOURCE_USD,191070.73325055727,162236.38965116395,31205.90695169439,,0.0006268278199463,,
1788368400000,2026-09-02T17:00:00.000Z,0.00011269561593260321,0.16988871466700367,25.166666666666668,0.01391321299194097,0.0006622516556291391,-0.0033112582781457123,4816001.14593575,SOURCE_USD,7668311978.429799,7664511062.789541,5075835.1409202255,,0.021771560835865948,0.09803527662920555,,0.022581958541590032,0.19234838138837063,-0.005212641135624807,37229.84607394801,SOURCE_USD,191071.20812591037,162236.38965116395,31205.90695169439,,0.0006268278199463,,
1788372000000,2026-09-02T18:00:00.000Z,0.00011279540594873938,0.16988871466700367,25.125,0.01391321299194097,0.0006622516556291391,-0.0033112582781457123,4816001.14593575,SOURCE_USD,7668312077.168425,7664511062.789541,5075835.1409202255,,0.021784629517522726,0.09803527662920555,,0.022581958541590032,0.19234838138837063,-0.005212641135624807,37229.84607394801,SOURCE_USD,191071.6832874949,162236.38965116395,31205.90695169439,,0.0006268278199463,,
1788375600000,2026-09-02T19:00:00.000Z,0.00011289528933034322,0.16988871466700367,25.083333333333332,0.01391321299194097,0.0006622516556291391,-0.0033112582781457123,4816001.14593575,SOURCE_USD,7668312175.994487,7664511062.789541,5075835.1409202255,,0.02179770556336896,0.09803527662920555,,0.022581958541590032,0.19234838138837063,-0.005212641135624807,37229.84607394801,SOURCE_USD,191072.15873547367,162236.38965116395,31205.90695169439,,0.0006268278199463,,
1788379200000,2026-09-02T20:00:00.000Z,0.00011299526996739077,0.16988871466700367,25.041666666666668,0.01391321299194097,0.0006622516556291391,-0.0033112582781457123,4816001.14593575,SOURCE_USD,7668312274.90807,7664511062.789541,5075835.1409202255,,0.0218107881817443,0.09803527662920555,,0.022581958541590032,0.19234838138837063,-0.005212641135624807,37229.84607394801,SOURCE_USD,191072.63446999207,162236.38965116395,31205.90695169439,,0.0006268278199463,,
1788382800000,2026-09-02T21:00:00.000Z,0.00011309533813451082,0.16988871466700367,25,0.01391321299194097,0.0006622516556291391,-0.0033112582781457123,4816001.14593575,SOURCE_USD,7668312373.909256,7664511062.789541,5075835.1409202255,,0.021823878154583174,0.09803527662920555,,0.022581958541590032,0.19234838138837063,-0.005212641135624807,37229.84607394801,SOURCE_USD,191073.11049121278,162236.38965116395,31205.90695169439,,0.0006268278199463,,
1788386400000,2026-09-02T22:00:00.000Z,0.0001131955055023528,0.16988871466700367,24.958333333333332,0.01391321299194097,0.0006622516556291391,-0.0033112582781457123,4816001.14593575,SOURCE_USD,7668312472.998124,7664511062.789541,5075835.1409202255,,0.021836977868536767,0.09803527662920555,,0.022581958541590032,0.19234838138837063,-0.005212641135624807,37229.84607394801,SOURCE_USD,191073.58679935033,162236.38965116395,31205.90695169439,,0.0006268278199463,,
1788390000000,2026-09-02T23:00:00.000Z,0.0001132957662353276,0.16988871466700367,24.916666666666668,0.01391321299194097,0.0006622516556291391,-0.0033112582781457123,4816001.14593575,SOURCE_USD,7668312572.174761,7664511062.789541,5075835.1409202255,,0.02185008257169941,0.09803527662920555,,0.022581958541590032,0.19234838138837063,-0.005212641135624807,37229.84607394801,SOURCE_USD,191074.06339451572,162236.38965116395,31205.90695169439,,0.0006268278199463,,
1788393600000,2026-09-03T00:00:00.000Z,0.00011339612033362917,0.1698862215447852,24.875,0.01379427713206956,0.0006622516556291391,0,4825421.6459080195,SOURCE_USD,7668312671.439244,7664511062.789541,5075835.1409202255,,0.02186319304406052,0.09770102388003046,,0.023679151779458018,0.19414836818296544,0.009357951346419036,37235.895497478785,SOURCE_USD,191074.54027683687,162236.38965116395,31497.93031066922,,0.0006307193826142713,,
1788397200000,2026-09-03T01:00:00.000Z,0.00011349656585233938,0.1698862215447852,24.833333333333332,0.013913212991940966,0.0006622516556291391,0,4825421.6459080195,SOURCE_USD,7668312770.79166,7664511062.789541,5075835.1409202255,,0.021876314852526845,0.09770102388003046,,0.023679151779458018,0.19414836818296544,0.009357951346419036,37235.895497478785,SOURCE_USD,191075.01744656335,162236.38965116395,31497.93031066922,,0.0006307193826142713,,
1788400800000,2026-09-03T02:00:00.000Z,0.00011359710862632216,0.1698862215447852,24.791666666666668,0.013913212991940966,0.0006622516556291391,0,4825421.6459080195,SOURCE_USD,7668312870.232089,7664511062.789541,5075835.1409202255,,0.021889440041595782,0.09770102388003046,,0.023679151779458018,0.19414836818296544,0.009357951346419036,37235.895497478785,SOURCE_USD,191075.49490377086,162236.38965116395,31497.93031066922,,0.0006307193826142713,,
1788404400000,2026-09-03T03:00:00.000Z,0.00011369774282065731,0.1698862215447852,24.75,0.013913212991940966,0.0006622516556291391,0,4825421.6459080195,SOURCE_USD,7668312969.7606125,7664511062.789541,5075835.1409202255,,0.021902577399277492,0.09770102388003046,,0.023679151779458018,0.19414836818296544,0.009357951346419036,37235.895497478785,SOURCE_USD,191075.97264872704,162236.38965116395,31497.93031066922,,0.0006307193826142713,,
1788408000000,2026-09-03T04:00:00.000Z,0.000113798476215541,0.1698862215447852,24.708333333333332,0.013913212991940966,0.0006622516556291391,0,4825421.6459080195,SOURCE_USD,7668313069.392323,7664511062.804549,5075835.140930165,,0.021915718116165557,0.09770102388003046,,0.023679151779458018,0.19414836818296544,0.009357951346419036,37235.895497478785,SOURCE_USD,191076.45068150733,162236.38965116395,31497.93031066922,,0.0006307193826142713,,
1788411600000,2026-09-03T05:00:00.000Z,0.00011389929519538649,0.1698862215447852,24.666666666666668,0.013913212991940966,0.0006622516556291391,0,4825421.6459080195,SOURCE_USD,7668313169.097284,7664511062.804549,5075835.140930165,,0.021928866996683304,0.09770102388003046,,0.023679151779458018,0.19414836818296544,0.009357951346419036,37235.895497478785,SOURCE_USD,191076.92900229196,162236.38965116395,31497.93031066922,,0.0006307193826142713,,
1788415200000,2026-09-03T06:00:00.000Z,0.00011400021726616738,0.1698862215447852,24.625,0.013913212991940966,0.0006622516556291391,0,4825421.6459080195,SOURCE_USD,7668313268.890591,7664511062.804549,5075835.140930165,,0.021942024861667447,0.09770102388003046,,0.023679151779458018,0.19414836818296544,0.009357951346419036,37235.895497478785,SOURCE_USD,191077.40761127905,162236.38965116395,31497.93031066922,,0.0006307193826142713,,
1788418800000,2026-09-03T07:00:00.000Z,0.00011410122881185448,0.1698862215447852,24.583333333333332,0.013913212991940966,0.0006622516556291391,0,4825421.6459080195,SOURCE_USD,7668313368.772322,7664511062.804549,5075835.140930165,,0.021955187671123304,0.09770102388003046,,0.023679151779458018,0.19414836818296544,0.009357951346419036,37235.895497478785,SOURCE_USD,191077.88650857852,162236.38965116395,31497.93031066922,,0.0006307193826142713,,
1788422400000,2026-09-03T08:00:00.000Z,0.00011420233372308602,0.1698862215447852,24.541666666666668,0.013913212991940966,0.0006622516556291391,0,4825421.6459080195,SOURCE_USD,7668313468.742559,7664511062.804549,5075835.140930165,,0.02196835946699055,0.09770102388003046,,0.023679151779458018,0.19414836818296544,0.009357951346419036,37235.895497478785,SOURCE_USD,191078.36569438866,162236.38965116395,31497.93031066922,,0.0006307193826142713,,
1788426000000,2026-09-03T09:00:00.000Z,0.00011430353199938963,0.1698862215447852,24.5,0.013913212991940966,0.0006622516556291391,0,4825421.6459080195,SOURCE_USD,7668313568.801387,7664511062.804549,5075835.140930165,,0.021981539447883978,0.09770102388003046,,0.023679151779458018,0.19414836818296544,0.009357951346419036,37235.895497478785,SOURCE_USD,191078.8451688902,162236.38965116395,31497.93031066922,,0.0006307193826142713,,
1788429600000,2026-09-03T10:00:00.000Z,0.0001144048294765118,0.1698862215447852,24.458333333333332,0.013913212991940966,0.0006622516556291391,0,4825421.6459080195,SOURCE_USD,7668313668.948887,7664511062.804549,5075835.140930165,,0.021994724359633108,0.09770102388003046,,0.023679151779458018,0.19414836818296544,0.009357951346419036,37235.895497478785,SOURCE_USD,191079.32493219277,162236.38965116395,31497.93031066922,,0.0006307193826142713,,
1788433200000,2026-09-03T11:00:00.000Z,0.0001145062183737601,0.1698862215447852,24.416666666666668,0.013913212991940966,0.0006622516556291391,0,4825421.6459080195,SOURCE_USD,7668313769.185142,7664511062.804549,5075835.140930165,,0.022007919092246295,0.09770102388003046,,0.023679151779458018,0.19414836818296544,0.009357951346419036,37235.895497478785,SOURCE_USD,191079.8049845128,162236.38965116395,31497.93031066922,,0.0006307193826142713,,
1788436800000,2026-09-03T12:00:00.000Z,0.00011460770063643865,0.1698862215447852,24.375,0.013913212991940966,0.0006622516556291391,0,4825421.6459080195,SOURCE_USD,7668313869.510235,7664511062.804549,5075835.140930165,,0.022021119560990975,0.09770102388003046,,0.023679151779458018,0.19414836818296544,0.009357951346419036,37235.895497478785,SOURCE_USD,191080.28532597754,162236.38965116395,31497.93031066922,,0.0006307193826142713,,
1788440400000,2026-09-03T13:00:00.000Z,0.00011470927820940665,0.1698862215447852,24.333333333333332,0.013913212991940966,0.0006622516556291391,0,4825421.6459080195,SOURCE_USD,7668313969.924247,7664511062.804549,5075835.140930165,,0.022034327399760377,0.09770102388003046,,0.023679151779458018,0.19414836818296544,0.009357951346419036,37235.895497478785,SOURCE_USD,191080.76595675,162236.38965116395,31497.93031066922,,0.0006307193826142713,,
1788444000000,2026-09-03T14:00:00.000Z,0.0001148109491477476,0.1698862215447852,24.291666666666668,0.013913212991940966,0.0006622516556291391,0,4825421.6459080195,SOURCE_USD,7668314070.427262,7664511062.804549,5075835.140930165,,0.022047543439116527,0.09770102388003046,,0.023679151779458018,0.19414836818296544,0.009357951346419036,37235.895497478785,SOURCE_USD,191081.24687701114,162236.38965116395,31497.93031066922,,0.0006307193826142713,,
1788447600000,2026-09-03T15:00:00.000Z,0.00011491271734165156,0.1698862215447852,24.25,0.013913212991940966,0.0006622516556291391,0,4825421.6459080195,SOURCE_USD,7668314171.019363,7664511062.804549,5075835.140930165,,0.02206076519126293,0.09770102388003046,,0.023679151779458018,0.19414836818296544,0.009357951346419036,37235.895497478785,SOURCE_USD,191081.72808688786,162236.38965116395,31497.93031066922,,0.0006307193826142713,,
1788451200000,2026-09-03T16:00:00.000Z,0.00011501457306554349,0.1698862215447852,24.208333333333332,0.013913212991940966,0.0006622516556291391,0,4825421.6459080195,SOURCE_USD,7668314271.700628,7664511062.804549,5075835.140930165,,0.022073997639573305,0.09770102388003046,,0.023679151779458018,0.19414836818296544,0.009357951346419036,37235.895497478785,SOURCE_USD,191082.2095866156,162236.38965116395,31497.93031066922,,0.0006307193826142713,,
1788454800000,2026-09-03T17:00:00.000Z,0.00011511653188026765,0.1698862215447852,24.166666666666668,0.013913212991940966,0.0006622516556291391,0,4825421.6459080195,SOURCE_USD,7668314372.471145,7664511062.804549,5075835.140930165,,0.02208723414732993,0.09770102388003046,,0.023679151779458018,0.19414836818296544,0.009357951346419036,37235.895497478785,SOURCE_USD,191082.69137628502,162236.38965116395,31497.93031066922,,0.0006307193826142713,,
1788458400000,2026-09-03T18:00:00.000Z,0.00011521858017003176,0.1698862215447852,24.125,0.013913212991940966,0.0006622516556291391,0,4825421.6459080195,SOURCE_USD,7668314473.330996,7664511062.804549,5075835.140930165,,0.022100480524578393,0.09770102388003046,,0.023679151779458018,0.19414836818296544,0.009357951346419036,37235.895497478785,SOURCE_USD,191083.17345611373,162236.38965116395,31497.93031066922,,0.0006307193826142713,,
1788462000000,2026-09-03T19:00:00.000Z,0.00011532071988013893,0.1698862215447852,24.083333333333332,0.013913212991940966,0.0006622516556291391,0,4825421.6459080195,SOURCE_USD,7668314574.28026,7664511062.804549,5075835.140930165,,0.022113730941821782,0.09770102388003046,,0.023679151779458018,0.19414836818296544,0.009357951346419036,37235.895497478785,SOURCE_USD,191083.6558261919,162236.38965116395,31497.93031066922,,0.0006307193826142713,,
1788465600000,2026-09-03T20:00:00.000Z,0.000115422956845664,0.1698862215447852,24.041666666666668,0.013913212991940966,0.0006622516556291391,0,4825421.6459080195,SOURCE_USD,7668314675.319021,7664511062.804549,5075835.140930165,,0.02212699375914609,0.09770102388003046,,0.023679151779458018,0.19414836818296544,0.009357951346419036,37235.895497478785,SOURCE_USD,191084.1384867924,162236.38965116395,31497.93031066922,,0.0006307193826142713,,
1788469200000,2026-09-03T21:00:00.000Z,0.00011552529106679912,0.1698862215447852,24,0.013913212991940966,0.0006622516556291391,0,4825421.6459080195,SOURCE_USD,7668314776.447365,7664511062.804549,5075835.140930165,,0.022140259768397355,0.09770102388003046,,0.023679151779458018,0.19414836818296544,0.009357951346419036,37235.895497478785,SOURCE_USD,191084.62143798688,162236.38965116395,31497.93031066922,,0.0006307193826142713,,
1788472800000,2026-09-03T22:00:00.000Z,0.00011562771670796878,0.1698862215447852,23.958333333333332,0.013913212991940966,0.0006622516556291391,0,4825421.6459080195,SOURCE_USD,7668314877.66537,7664511062.804549,5075835.140930165,,0.02215353399185115,0.09770102388003046,,0.023679151779458018,0.19414836818296544,0.009357951346419036,37235.895497478785,SOURCE_USD,191085.1046799568,162236.38965116395,31497.93031066922,,0.0006307193826142713,,
1788476400000,2026-09-03T23:00:00.000Z,0.00011573023571469661,0.1698862215447852,23.916666666666668,0.013913212991940966,0.0006622516556291391,0,4825421.6459080195,SOURCE_USD,7668314978.97312,7664511062.804549,5075835.140930165,,0.022166817287301358,0.09770102388003046,,0.023679151779458018,0.19414836818296544,0.009357951346419036,37235.895497478785,SOURCE_USD,191085.58821290225,162236.38965116395,31497.93031066922,,0.0006307193826142713,,
1788480000000,2026-09-04T00:00:00.000Z,0.00011583285392183233,0.1698836522476926,23.875,0.01379427713206956,0.0006622516556291391,0,4837700.600399578,SOURCE_USD,7668315080.3707,7664511062.804549,5075835.140930165,,0.022180105429967602,0.09735937905534149,,0.0264884157652597,0.1970831690973591,0.015116279069767424,37540.45580249318,SOURCE_USD,191086.07203693103,162236.38965116395,31974.061815365385,,0.0006307193826142713,,
1788483600000,2026-09-04T01:00:00.000Z,0.00011593555965914571,0.1698836522476926,23.833333333333332,0.013731233281798013,0.0006622516556291391,0,4837700.600399578,SOURCE_USD,7668315181.85819,7664511062.804549,5075835.140930165,,0.022193402642685003,0.09735937905534149,,0.02611173304931978,0.1970831690973591,0.015116279069767424,37540.45580249318,SOURCE_USD,191086.55615224337,162236.38965116395,31974.061815365385,,0.0006307193826142713,,
1788487200000,2026-09-04T02:00:00.000Z,0.00011603836654213737,0.1698836522476926,23.791666666666668,0.013731233281798013,0.0006622516556291391,0,4837700.600399578,SOURCE_USD,7668315283.435673,7664511062.804549,5075835.140930165,,0.022206708098781926,0.09735937905534149,,0.02611173304931978,0.1970831690973591,0.015116279069767424,37540.45580249318,SOURCE_USD,191087.04055902123,162236.38965116395,31974.061815365385,,0.0006307193826142713,,
1788490800000,2026-09-04T03:00:00.000Z,0.00011614126290035684,0.1698836522476926,23.75,0.013731233281798013,0.0006622516556291391,0,4837700.600399578,SOURCE_USD,7668315385.103232,7664511062.804549,5075835.140930165,,0.022220018380698613,0.09735937905534149,,0.02611173304931978,0.1970831690973591,0.015116279069767424,37540.45580249318,SOURCE_USD,191087.5252573721,162236.38965116395,31974.061815365385,,0.0006307193826142713,,
1788494400000,2026-09-04T04:00:00.000Z,0.00011624425651398119,0.1698836522476926,23.708333333333332,0.013731233281798013,0.0006622516556291391,0,4837700.600399578,SOURCE_USD,7668315486.860951,7664511062.804549,5075835.140930165,,0.0222333377560079,0.09735937905534149,,0.02611173304931978,0.1970831690973591,0.015116279069767424,37540.45580249318,SOURCE_USD,191088.01024749648,162236.38965116395,31974.061815365385,,0.0006307193826142713,,
1788498000000,2026-09-04T05:00:00.000Z,0.00011634734349276744,0.1698836522476926,23.666666666666668,0.013731233281798013,0.0006622516556291391,0,4837700.600399578,SOURCE_USD,7668315588.708913,7664511062.804549,5075835.140930165,,0.022246664516902714,0.09735937905534149,,0.02611173304931978,0.1970831690973591,0.015116279069767424,37540.45580249318,SOURCE_USD,191088.4955295578,162236.38965116395,31974.061815365385,,0.0006307193826142713,,
1788501600000,2026-09-04T06:00:00.000Z,0.00011645052189202443,0.1698836522476926,23.625,0.013731233281798013,0.0006622516556291391,0,4837700.600399578,SOURCE_USD,7668315690.647196,7664511062.804549,5075835.140930165,,0.02225999866727333,0.09735937905534149,,0.02611173304931978,0.1970831690973591,0.015116279069767424,37540.45580249318,SOURCE_USD,191088.98110371942,162236.38965116395,31974.061815365385,,0.0006307193826142713,,
1788505200000,2026-09-04T07:00:00.000Z,0.00011655380338213838,0.1698836522476926,23.583333333333332,0.013731233281798013,0.0006622516556291391,0,4837700.600399578,SOURCE_USD,7668315792.67589,7664511062.804549,5075835.140930165,,0.022273338483751546,0.09735937905534149,,0.02611173304931978,0.1970831690973591,0.015116279069767424,37540.45580249318,SOURCE_USD,191089.46697010714,162236.38965116395,31974.061815365385,,0.0006307193826142713,,
1788508800000,2026-09-04T08:00:00.000Z,0.00011665717240200826,0.1698836522476926,23.541666666666668,0.013731233281798013,0.0006622516556291391,0,4837700.600399578,SOURCE_USD,7668315894.795073,7664511062.804549,5075835.140930165,,0.02228668914227688,0.09735937905534149,,0.02611173304931978,0.1970831690973591,0.015116279069767424,37540.45580249318,SOURCE_USD,191089.95312895972,162236.38965116395,31974.061815365385,,0.0006307193826142713,,
1788512400000,2026-09-04T09:00:00.000Z,0.00011676064062268507,0.1698836522476926,23.5,0.013731233281798013,0.0006622516556291391,0,4837700.600399578,SOURCE_USD,7668315997.004828,7664511062.804549,5075835.140930165,,0.022300041992942096,0.09735937905534149,,0.02611173304931978,0.1970831690973591,0.015116279069767424,37540.45580249318,SOURCE_USD,191090.43958032722,162236.38965116395,31974.061815365385,,0.0006307193826142713,,
1788516000000,2026-09-04T10:00:00.000Z,0.00011686419831838855,0.1698836522476926,23.458333333333332,0.013731233281798013,0.0006622516556291391,0,4837700.600399578,SOURCE_USD,7668316099.30524,7664511062.804549,5075835.140930165,,0.022313408309608762,0.09735937905534149,,0.02611173304931978,0.1970831690973591,0.015116279069767424,37540.45580249318,SOURCE_USD,191090.92632450553,162236.38965116395,31974.061815365385,,0.0006307193826142713,,
1788519600000,2026-09-04T11:00:00.000Z,0.00011696785132462881,0.1698836522476926,23.416666666666668,0.013731233281798013,0.0006622516556291391,0,4837700.600399578,SOURCE_USD,7668316201.696387,7664511062.804549,5075835.140930165,,0.022326777670373887,0.09735937905534149,,0.02611173304931978,0.1970831690973591,0.015116279069767424,37540.45580249318,SOURCE_USD,191091.41336156343,162236.38965116395,31974.061815365385,,0.0006307193826142713,,
1788523200000,2026-09-04T12:00:00.000Z,0.00010973991901863894,0.1698836522476926,23.375,0.013731233281798013,0.0006622516556291391,0,4837700.600399578,SOURCE_USD,7668316297.76036,7664656459.186199,5075931.429924635,,0.02234015616732427,0.09735937905534149,,0.02611173304931978,0.1970831690973591,0.015116279069767424,37540.45580249318,SOURCE_USD,191091.9006917023,162236.38965116395,31974.061815365385,,0.0006307193826142713,,
1788526800000,2026-09-04T13:00:00.000Z,0.00010816049298861343,0.1698836522476926,23.333333333333332,0.013731233281798013,0.0006622516556291391,0,4837700.600399578,SOURCE_USD,7668316392.441739,7664656459.186199,5075931.429924635,,0.022353542059585473,0.09735937905534149,,0.02611173304931978,0.1970831690973591,0.015116279069767424,37540.45580249318,SOURCE_USD,191092.3883150858,162236.38965116395,31974.061815365385,,0.0006307193826142713,,
1788530400000,2026-09-04T14:00:00.000Z,0.0001082457277412699,0.1698836522476926,23.291666666666668,0.013731233281798013,0.0006622516556291391,0,4837700.600399578,SOURCE_USD,7668316487.197731,7664656459.186199,5075931.429924635,,0.022366934464077524,0.09735937905534149,,0.02611173304931978,0.1970831690973591,0.015116279069767424,37540.45580249318,SOURCE_USD,191092.87623185816,162236.38965116395,31974.061815365385,,0.0006307193826142713,,
1788534000000,2026-09-04T15:00:00.000Z,0.00010833103446283983,0.1698836522476926,23.25,0.013731233281798013,0.0006622516556291391,0,4837700.600399578,SOURCE_USD,7668316582.0283985,7664656459.186199,5075931.429924635,,0.02238033426388062,0.09735937905534149,,0.02611173304931978,0.1970831690973591,0.015116279069767424,37540.45580249318,SOURCE_USD,191093.364442183,162236.38965116395,31974.061815365385,,0.0006307193826142713,,
1788537600000,2026-09-04T16:00:00.000Z,0.00010841641315374879,0.1698836522476926,23.208333333333332,0.013731233281798013,0.0006622516556291391,0,4837700.600399578,SOURCE_USD,7668316676.933809,7664656459.186199,5075931.429924635,,0.022393742338184742,,61.416666666666664,0.02611173304931978,0.1970831690973591,0.015116279069767424,37540.45580249318,SOURCE_USD,191093.85294624305,162236.38965116395,31974.061815365385,,0.0006307193826142713,,
1788541200000,2026-09-04T17:00:00.000Z,0.00010850186770377782,0.1698836522476926,23.166666666666668,0.013731233281798013,0.0006622516556291391,0,4837700.600399578,SOURCE_USD,7668316771.914022,7664656459.186199,5075931.429924635,,0.02240715780974501,,61.375,0.02611173304931978,0.1970831690973591,0.015116279069767424,37540.45580249318,SOURCE_USD,191094.3417442019,162236.38965116395,31974.061815365385,,0.0006307193826142713,,
1788544800000,2026-09-04T18:00:00.000Z,0.00010858739227798675,0.1698836522476926,23.125,0.013731233281798013,0.0006622516556291391,0,4837700.600399578,SOURCE_USD,7668316866.969107,7664656459.186199,5075931.429924635,,0.022420579795481378,,61.333333333333336,0.02611173304931978,0.1970831690973591,0.015116279069767424,37540.45580249318,SOURCE_USD,191094.8308362039,162236.38965116395,31974.061815365385,,0.0006307193826142713,,
1788548400000,2026-09-04T19:00:00.000Z,0.00010867299271127785,0.1698836522476926,23.083333333333332,0.013731233281798013,0.0006622516556291391,0,4837700.600399578,SOURCE_USD,7668316962.099123,7664656459.186199,5075931.429924635,,0.022434010063499012,,61.291666666666664,0.02611173304931978,0.1970831690973591,0.015116279069767424,37540.45580249318,SOURCE_USD,191095.32022243197,162236.38965116395,31974.061815365385,,0.0006307193826142713,,
1788552000000,2026-09-04T20:00:00.000Z,0.00010875866511383317,0.1698836522476926,23.041666666666668,0.013731233281798013,0.0006622516556291391,0,4837700.600399578,SOURCE_USD,7668317057.304137,7664656459.186199,5075931.429924635,,0.022447447734608248,,61.25,0.02611173304931978,0.1970831690973591,0.015116279069767424,37540.45580249318,SOURCE_USD,191095.80990304987,162236.38965116395,31974.061815365385,,0.0006307193826142713,,
1788555600000,2026-09-04T21:00:00.000Z,0.00010884441337565436,0.1698836522476926,23,0.013731233281798013,0.0006622516556291391,0,4837700.600399578,SOURCE_USD,7668317152.584213,7664656459.186199,5075931.429924635,,0.022460891013471655,,61.208333333333336,0.02611173304931978,0.1970831690973591,0.015116279069767424,37540.45580249318,SOURCE_USD,191096.29987818227,162236.38965116395,31974.061815365385,,0.0006307193826142713,,
1788559200000,2026-09-04T22:00:00.000Z,0.0001018836926025134,0.1698836522476926,22.958333333333332,0.013731233281798013,0.0006622516556291391,0,4837700.600399578,SOURCE_USD,7668317241.771025,7664642095.724021,5075921.917698028,,0.022474346173071383,,61.166666666666664,0.02611173304931978,0.1970831690973591,0.015116279069767424,37540.45580249318,SOURCE_USD,191096.79014809048,162236.38965116395,31974.061815365385,,0.0006307193826142713,,
1788562800000,2026-09-04T23:00:00.000Z,0.0001006972236794328,0.1698836522476926,22.916666666666668,0.013731233281798013,0.0006622516556291391,0,4837700.600399578,SOURCE_USD,7668317329.919228,7664642095.724021,5075921.917698028,,0.022487803359476546,,61.125,0.02611173304931978,0.1970831690973591,0.015116279069767424,37540.45580249318,SOURCE_USD,191097.28071282097,162236.38965116395,31974.061815365385,,0.0006307193826142713,,
1788566400000,2026-09-05T00:00:00.000Z,0.00010075488648731683,0.1698992131121228,22.875,0.013845284087050528,0.000664451827242525,0.0033222591362127574,4850409.480550087,SOURCE_USD,7668317418.117908,7664642095.724021,5092785.445663801,,0.022501269728749697,,61.083333333333336,0.02657952130961022,0.19564111593692532,-0.007316977736041008,37259.393217029734,SOURCE_USD,191097.77157257646,162236.38965116395,31740.108316931557,,0.0006307193826142713,,
1788570000000,2026-09-05T01:00:00.000Z,0.00010081258625235987,0.1698992131121228,22.833333333333332,0.013725130804905554,0.000664451827242525,0.0033222591362127574,4850409.480550087,SOURCE_USD,7668317506.367099,7664642095.724021,5092785.445663801,,0.02251474621454369,,61.041666666666664,0.026772186297082327,0.19564111593692532,-0.007316977736041008,37259.393217029734,SOURCE_USD,191098.26272757977,162236.38965116395,31740.108316931557,,0.0006307193826142713,,
1788573600000,2026-09-05T02:00:00.000Z,0.00010087032686460667,0.1698992131121228,22.791666666666668,0.013725130804905554,0.000664451827242525,0.0033222591362127574,4850409.480550087,SOURCE_USD,7668317594.666836,7664642095.724021,5092785.445663801,,0.02252822649330344,,61,0.026772186297082327,0.19564111593692532,-0.007316977736041008,37259.393217029734,SOURCE_USD,191098.75417791595,162236.38965116395,31740.108316931557,,0.0006307193826142713,,
1788577200000,2026-09-05T03:00:00.000Z,0.00010092810443399923,0.1698992131121228,22.75,0.013725130804905554,0.000664451827242525,0.0033222591362127574,4850409.480550087,SOURCE_USD,7668317683.017151,7664642095.724021,5092785.445663801,,0.022541714163484237,,60.958333333333336,0.026772186297082327,0.19564111593692532,-0.007316977736041008,37259.393217029734,SOURCE_USD,191099.2459237486,162236.38965116395,31740.108316931557,,0.0006307193826142713,,
1788580800000,2026-09-05T04:00:00.000Z,0.00010098592090566754,0.1698992131121228,22.708333333333332,0.013725130804905554,0.000664451827242525,0.0033222591362127574,4850409.480550087,SOURCE_USD,7668317771.418078,7664642095.724021,5092785.445663801,,0.022555213782480342,,60.916666666666664,0.026772186297082327,0.19564111593692532,-0.007316977736041008,37259.393217029734,SOURCE_USD,191099.73796534055,162236.38965116395,31740.108316931557,,0.0006307193826142713,,
1788584400000,2026-09-05T05:00:00.000Z,0.00010104377627938278,0.1698992131121228,22.666666666666668,0.013725130804905554,0.000664451827242525,0.0033222591362127574,4850409.480550087,SOURCE_USD,7668317859.869652,7664642095.724021,5092785.445663801,,0.022568716268569402,,60.875,0.026772186297082327,0.19564111593692532,-0.007316977736041008,37259.393217029734,SOURCE_USD,191100.23030275665,162236.38965116395,31740.108316931557,,0.0006307193826142713,,
1788588000000,2026-09-05T06:00:00.000Z,0.0001011016686102241,0.1698992131121228,22.625,0.013725130804905554,0.000664451827242525,0.0033222591362127574,4850409.480550087,SOURCE_USD,7668317948.371903,7664642095.724021,5092785.445663801,,0.0225822270641717,,60.833333333333336,0.026772186297082327,0.19564111593692532,-0.007316977736041008,37259.393217029734,SOURCE_USD,191100.7229361805,162236.38965116395,31740.108316931557,,0.0006307193826142713,,
1788591600000,2026-09-05T07:00:00.000Z,0.00010115959984354313,0.1698992131121228,22.583333333333332,0.013725130804905554,0.000664451827242525,0.0033222591362127574,4850409.480550087,SOURCE_USD,7668318036.924869,7664642095.724021,5092785.445663801,,0.02259574618095776,,60.791666666666664,0.026772186297082327,0.19564111593692532,-0.007316977736041008,37259.393217029734,SOURCE_USD,191101.21586579585,162236.38965116395,31740.108316931557,,0.0006307193826142713,,
1788595200000,2026-09-05T08:00:00.000Z,0.00010121756997888907,0.1698992131121228,22.541666666666668,0.013725130804905554,0.000664451827242525,0.0033222591362127574,4850409.480550087,SOURCE_USD,7668318125.52858,7664642095.724021,5092785.445663801,,0.022609271788578345,,60.75,0.026772186297082327,0.19564111593692532,-0.007316977736041008,37259.393217029734,SOURCE_USD,191101.70909174657,162236.38965116395,31740.108316931557,,0.0006307193826142713,,
1788598800000,2026-09-05T09:00:00.000Z,0.00010127557707134138,0.1698992131121228,22.5,0.013725130804905554,0.000664451827242525,0.0033222591362127574,4850409.480550087,SOURCE_USD,7668318214.183071,7664642095.724021,5092785.445663801,,0.022622807567182938,,60.708333333333336,0.026772186297082327,0.19564111593692532,-0.007316977736041008,37259.393217029734,SOURCE_USD,191102.2026142569,162236.38965116395,31740.108316931557,,0.0006307193826142713,,
1788602400000,2026-09-05T10:00:00.000Z,0.00010133362306602931,0.1698992131121228,22.458333333333332,0.013725130804905554,0.000664451827242525,0.0033222591362127574,4850409.480550087,SOURCE_USD,7668318302.888376,7664642095.724021,5092785.445663801,,0.022636345228654813,,60.666666666666664,0.026772186297082327,0.19564111593692532,-0.007316977736041008,37259.393217029734,SOURCE_USD,191102.6964333702,162236.38965116395,31740.108316931557,,0.0006307193826142713,,
1788606000000,2026-09-05T11:00:00.000Z,0.00010138907233776294,0.1698992131121228,22.416666666666668,0.013725130804905554,0.000664451827242525,0.0033222591362127574,4850409.480550087,SOURCE_USD,7668318391.6422205,7664642089.280024,5092785.441382076,,0.022649895832893525,,60.625,0.026772186297082327,0.19564111593692532,-0.007316977736041008,37259.393217029734,SOURCE_USD,191103.19054937107,162236.38965116395,31740.108316931557,,0.0006307193826142713,,
1788609600000,2026-09-05T12:00:00.000Z,0.00010144636946491587,0.1698992131121228,22.375,0.013725130804905554,0.000664451827242525,0.0033222591362127574,4850409.480550087,SOURCE_USD,7668318480.446223,7664642089.280024,5092785.441382076,,0.022663451082056682,,60.583333333333336,0.026772186297082327,0.19564111593692532,-0.007316977736041008,37259.393217029734,SOURCE_USD,191103.6849623632,162236.38965116395,31740.108316931557,,0.0006307193826142713,,
1788613200000,2026-09-05T13:00:00.000Z,0.0001015045204954372,0.1698992131121228,22.333333333333332,0.013725130804905554,0.000664451827242525,0.0033222591362127574,4850409.480550087,SOURCE_USD,7668318569.30113,7664642089.280024,5092785.441382076,,0.022677015597727376,,60.541666666666664,0.026772186297082327,0.19564111593692532,-0.007316977736041008,37259.393217029734,SOURCE_USD,191104.17967255093,162236.38965116395,31740.108316931557,,0.0006307193826142713,,
1788616800000,2026-09-05T14:00:00.000Z,0.00010156271042839056,0.1698992131121228,22.291666666666668,0.013725130804905554,0.000664451827242525,0.0033222591362127574,4850409.480550087,SOURCE_USD,7668318658.206975,7664642089.280024,5092785.441382076,,0.022690584742761647,,60.5,0.026772186297082327,0.19564111593692532,-0.007316977736041008,37259.393217029734,SOURCE_USD,191104.6746800376,162236.38965116395,31740.108316931557,,0.0006307193826142713,,
1788620400000,2026-09-05T15:00:00.000Z,0.00010162093537327683,0.1698992131121228,22.25,0.013725130804905554,0.000664451827242525,0.0033222591362127574,4850409.480550087,SOURCE_USD,7668318747.163792,7664642089.280024,5092785.441382076,,0.022704162222595428,,60.458333333333336,0.026772186297082327,0.19564111593692532,-0.007316977736041008,37259.393217029734,SOURCE_USD,191105.16998500744,162236.38965116395,31740.108316931557,,0.0006307193826142713,,
1788624000000,2026-09-05T16:00:00.000Z,0.00010167919922035999,0.1698992131121228,22.208333333333332,0.013725130804905554,0.000664451827242525,0.0033222591362127574,4850409.480550087,SOURCE_USD,7668318836.171614,7664642089.280024,5092785.441382076,,0.022717748988387788,,60.416666666666664,0.026772186297082327,0.19564111593692532,-0.007316977736041008,37259.393217029734,SOURCE_USD,191105.6655876652,162236.38965116395,31740.108316931557,,0.0006307193826142713,,
1788627600000,2026-09-05T17:00:00.000Z,0.0001017375039147681,0.1698992131121228,22.166666666666668,0.013725130804905554,0.000664451827242525,0.0033222591362127574,4850409.480550087,SOURCE_USD,7668318925.2304735,7664642089.280024,5092785.441382076,,0.02273133942460424,,60.375,0.026772186297082327,0.19564111593692532,-0.007316977736041008,37259.393217029734,SOURCE_USD,191106.16148809335,162236.38965116395,31740.108316931557,,0.0006307193826142713,,
1788631200000,2026-09-05T18:00:00.000Z,0.00010179584556622444,0.1698992131121228,22.125,0.013725130804905554,0.000664451827242525,0.0033222591362127574,4850409.480550087,SOURCE_USD,7668319014.340406,7664642089.280024,5092785.441382076,,0.022744943848111904,,60.333333333333336,0.026772186297082327,0.19564111593692532,-0.007316977736041008,37259.393217029734,SOURCE_USD,191106.65768659924,162236.38965116395,31740.108316931557,,0.0006307193826142713,,
1788634800000,2026-09-05T19:00:00.000Z,0.00010185422612007926,0.1698992131121228,22.083333333333332,0.013725130804905554,0.000664451827242525,0.0033222591362127574,4850409.480550087,SOURCE_USD,7668319103.501445,7664642089.280024,5092785.441382076,,0.022758548170474003,,60.291666666666664,0.026772186297082327,0.19564111593692532,-0.007316977736041008,37259.393217029734,SOURCE_USD,191107.15418318313,162236.38965116395,31740.108316931557,,0.0006307193826142713,,
1788638400000,2026-09-05T20:00:00.000Z,0.0001019126455758817,0.1698992131121228,22.041666666666668,0.013725130804905554,0.000664451827242525,0.0033222591362127574,4850409.480550087,SOURCE_USD,7668319192.713623,7664642089.280024,5092785.441382076,,0.0227721646167112,,60.25,0.026772186297082327,0.19564111593692532,-0.007316977736041008,37259.393217029734,SOURCE_USD,191107.6509781117,162236.38965116395,31740.108316931557,,0.0006307193826142713,,
1788642000000,2026-09-05T21:00:00.000Z,0.00010197110198893454,0.1698992131121228,22,0.013725130804905554,0.000664451827242525,0.0033222591362127574,4850409.480550087,SOURCE_USD,7668319281.976974,7664642089.280024,5092785.441382076,,0.02278578564562921,,60.208333333333336,0.026772186297082327,0.19564111593692532,-0.007316977736041008,37259.393217029734,SOURCE_USD,191108.14807148735,162236.38965116395,31740.108316931557,,0.0006307193826142713,,
1788645600000,2026-09-05T22:00:00.000Z,0.00010202959535900924,0.1698992131121228,21.958333333333332,0.013725130804905554,0.000664451827242525,0.0033222591362127574,4850409.480550087,SOURCE_USD,7668319371.291531,7664642089.280024,5092785.441382076,,0.022799416938896665,,60.166666666666664,0.026772186297082327,0.19564111593692532,-0.007316977736041008,37259.393217029734,SOURCE_USD,191108.6454635362,162236.38965116395,31740.108316931557,,0.0006307193826142713,,
1788649200000,2026-09-05T23:00:00.000Z,0.00010208813152172406,0.1698992131121228,21.916666666666668,0.013725130804905554,0.000664451827242525,0.0033222591362127574,4850409.480550087,SOURCE_USD,7668319460.65733,7664642089.280024,5092785.441382076,,0.022813054703547678,,60.125,0.026772186297082327,0.19564111593692532,-0.007316977736041008,37259.393217029734,SOURCE_USD,191109.14315440189,162236.38965116395,31740.108316931557,,0.0006307193826142713,,
1788652800000,2026-09-06T00:00:00.000Z,0.00010214670269631298,0.16989769796927676,21.875,0.01360729033928654,0.000664451827242525,0,4857500.867648858,SOURCE_USD,7668319550.074402,7664642089.280024,5092785.441382076,,0.0228266998965764,0.09666928660173964,60.083333333333336,0.026772186297082327,0.19564111593692532,-0.007316977736041008,37255.262486160726,SOURCE_USD,191109.64114424874,162236.38965116395,31740.108316931557,,0.0006307193826142713,,
1788656400000,2026-09-06T01:00:00.000Z,0.00010220531471817187,0.16989769796927676,21.833333333333332,0.013725130804905554,0.000664451827242525,0,4857500.867648858,SOURCE_USD,7668319639.542782,7664642089.280024,5092785.441382076,,0.02284034964699986,0.09666928660173964,60.041666666666664,0.027051927614272105,0.19564111593692532,-0.007316977736041008,37255.262486160726,SOURCE_USD,191110.1394331785,162236.38965116395,31740.108316931557,,0.0006307193826142713,,
1788660000000,2026-09-06T02:00:00.000Z,0.00010226396175211392,0.16989769796927676,21.791666666666668,0.013725130804905554,0.000664451827242525,0,4857500.867648858,SOURCE_USD,7668319729.062503,7664642089.280024,5092785.441382076,,0.022854012554152092,0.09666928660173964,60,0.027051927614272105,0.19564111593692532,-0.007316977736041008,37255.262486160726,SOURCE_USD,191110.63802148052,162236.38965116395,31740.108316931557,,0.0006307193826142713,,
1788663600000,2026-09-06T03:00:00.000Z,0.000102322651578446,0.16989769796927676,21.75,0.013725130804905554,0.000664451827242525,0,4857500.867648858,SOURCE_USD,7668319818.6336,7664642089.280024,5092785.441382076,,0.022867678102764803,0.09666928660173964,59.958333333333336,0.027051927614272105,0.19564111593692532,-0.007316977736041008,37255.262486160726,SOURCE_USD,191111.13690921484,162236.38965116395,31740.108316931557,,0.0006307193826142713,,
1788667200000,2026-09-06T04:00:00.000Z,0.00010238137641662597,0.16989769796927676,21.708333333333332,0.013725130804905554,0.000664451827242525,0,4857500.867648858,SOURCE_USD,7668319908.256104,7664642089.280024,5092785.441382076,,0.022881352030914587,0.09666928660173964,59.916666666666664,0.027051927614272105,0.19564111593692532,-0.007316977736041008,37255.262486160726,SOURCE_USD,191111.63609656648,162236.38965116395,31740.108316931557,,0.0006307193826142713,,
1788670800000,2026-09-06T05:00:00.000Z,0.0001024401421022703,0.16989769796927676,21.666666666666668,0.013725130804905554,0.000664451827242525,0,4857500.867648858,SOURCE_USD,7668319997.930052,7664642089.280024,5092785.441382076,,0.022895033379661794,0.09666928660173964,59.875,0.027051927614272105,0.19564111593692532,-0.007316977736041008,37255.262486160726,SOURCE_USD,191112.13558369977,162236.38965116395,31740.108316931557,,0.0006307193826142713,,
1788674400000,2026-09-06T06:00:00.000Z,0.00010249894474510495,0.16989769796927676,21.625,0.013725130804905554,0.000664451827242525,0,4857500.867648858,SOURCE_USD,7668320087.655476,7664642089.280024,5092785.441382076,,0.022908725053056793,0.09666928660173964,59.833333333333336,0.027051927614272105,0.19564111593692532,-0.007316977736041008,37255.262486160726,SOURCE_USD,191112.63537084233,162236.38965116395,31740.108316931557,,0.0006307193826142713,,
1788678000000,2026-09-06T07:00:00.000Z,0.00010255778823516799,0.16989769796927676,21.583333333333332,0.013725130804905554,0.000664451827242525,0,4857500.867648858,SOURCE_USD,7668320177.432409,7664642089.280024,5092785.441382076,,0.0229224202937849,0.09666928660173964,59.791666666666664,0.027051927614272105,0.19564111593692532,-0.007316977736041008,37255.262486160726,SOURCE_USD,191113.13545807422,162236.38965116395,31740.108316931557,,0.0006307193826142713,,
1788681600000,2026-09-06T08:00:00.000Z,0.00010261666479214147,0.16989769796927676,21.541666666666668,0.013725130804905554,0.000664451827242525,0,4857500.867648858,SOURCE_USD,7668320267.260885,7664642089.280024,5092785.441382076,,0.022936124894386116,0.09666928660173964,59.75,0.027051927614272105,0.19564111593692532,-0.007316977736041008,37255.262486160726,SOURCE_USD,191113.63584560208,162236.38965116395,31740.108316931557,,0.0006307193826142713,,
1788685200000,2026-09-06T09:00:00.000Z,0.00010267558803172907,0.16989769796927676,21.5,0.013725130804905554,0.000664451827242525,0,4857500.867648858,SOURCE_USD,7668320357.140941,7664642089.280024,5092785.441382076,,0.022949834982144517,0.09666928660173964,59.708333333333336,0.027051927614272105,0.19564111593692532,-0.007316977736041008,37255.262486160726,SOURCE_USD,191114.1365335479,162236.38965116395,31740.108316931557,,0.0006307193826142713,,
1788688800000,2026-09-06T10:00:00.000Z,0.00010273454239308084,0.16989769796927676,21.458333333333332,0.013725130804905554,0.000664451827242525,0,4857500.867648858,SOURCE_USD,7668320447.072604,7664642089.280024,5092785.441382076,,0.022963557364947842,0.09666928660173964,59.666666666666664,0.027051927614272105,0.19564111593692532,-0.007316977736041008,37255.262486160726,SOURCE_USD,191114.63752218234,162236.38965116395,31740.108316931557,,0.0006307193826142713,,
1788692400000,2026-09-06T11:00:00.000Z,0.00010279353760185553,0.16989769796927676,21.416666666666668,0.013725130804905554,0.000664451827242525,0,4857500.867648858,SOURCE_USD,7668320537.055914,7664642089.280024,5092785.441382076,,0.022977281336906723,0.09666928660173964,59.625,0.027051927614272105,0.19564111593692532,-0.007316977736041008,37255.262486160726,SOURCE_USD,191115.13881154236,162236.38965116395,31740.108316931557,,0.0006307193826142713,,
1788696000000,2026-09-06T12:00:00.000Z,0.00010285257171291317,0.16989769796927676,21.375,0.013725130804905554,0.000664451827242525,0,4857500.867648858,SOURCE_USD,7668320627.090901,7664642089.280024,5092785.441382076,,0.022991015658799806,0.09666928660173964,59.583333333333336,0.027051927614272105,0.19564111593692532,-0.007316977736041008,37255.262486160726,SOURCE_USD,191115.64040185625,162236.38965116395,31740.108316931557,,0.0006307193826142713,,
1788699600000,2026-09-06T13:00:00.000Z,0.00010291164278089225,0.16989769796927676,21.333333333333332,0.013725130804905554,0.000664451827242525,0,4857500.867648858,SOURCE_USD,7668320717.177601,7664642089.280024,5092785.441382076,,0.023004759389193625,0.09666928660173964,59.541666666666664,0.027051927614272105,0.19564111593692532,-0.007316977736041008,37255.262486160726,SOURCE_USD,191116.14229333142,162236.38965116395,31740.108316931557,,0.0006307193826142713,,
1788703200000,2026-09-06T14:00:00.000Z,0.00010297075469627322,0.16989769796927676,21.291666666666668,0.013725130804905554,0.000664451827242525,0,4857500.867648858,SOURCE_USD,7668320807.316047,7664642089.280024,5092785.441382076,,0.023018504654279775,0.09666928660173964,59.5,0.027051927614272105,0.19564111593692532,-0.007316977736041008,37255.262486160726,SOURCE_USD,191116.6444860039,162236.38965116395,31740.108316931557,,0.0006307193826142713,,
1788706800000,2026-09-06T15:00:00.000Z,0.00010302990551391649,0.16989769796927676,21.25,0.013725130804905554,0.000664451827242525,0,4857500.867648858,SOURCE_USD,7668320897.50627,7664642089.280024,5092785.441382076,,0.02303226029458656,0.09666928660173964,59.458333333333336,0.027051927614272105,0.19564111593692532,-0.007316977736041008,37255.262486160726,SOURCE_USD,191117.14698010232,162236.38965116395,31740.108316931557,,0.0006307193826142713,,
1788710400000,2026-09-06T16:00:00.000Z,0.00010308909328846082,0.16989769796927676,21.208333333333332,0.013725130804905554,0.000664451827242525,0,4857500.867648858,SOURCE_USD,7668320987.748308,7664642089.280024,5092785.441382076,,0.02304602731962655,0.09666928660173964,59.416666666666664,0.027051927614272105,0.19564111593692532,-0.007316977736041008,37255.262486160726,SOURCE_USD,191117.6497758775,162236.38965116395,31740.108316931557,,0.0006307193826142713,,
1788714000000,2026-09-06T17:00:00.000Z,0.00010314832191038601,0.16989769796927676,21.166666666666668,0.013725130804905554,0.000664451827242525,0,4857500.867648858,SOURCE_USD,7668321078.042193,7664642089.280024,5092785.441382076,,0.023059795856017522,0.09666928660173964,59.375,0.027051927614272105,0.19564111593692532,-0.007316977736041008,37255.262486160726,SOURCE_USD,191118.15287336477,162236.38965116395,31740.108316931557,,0.0006307193826142713,,
1788717600000,2026-09-06T18:00:00.000Z,0.00010320758359937864,0.16989769796927676,21.125,0.013725130804905554,0.000664451827242525,0,4857500.867648858,SOURCE_USD,7668321168.387959,7664642089.280024,5092785.441382076,,0.02307357578881223,0.09666928660173964,59.333333333333336,0.027051927614272105,0.19564111593692532,-0.007316977736041008,37255.262486160726,SOURCE_USD,191118.6562728151,162236.38965116395,31740.108316931557,,0.0006307193826142713,,
1788721200000,2026-09-06T19:00:00.000Z,0.00010326689002578037,0.16989769796927676,21.083333333333332,0.013725130804905554,0.000664451827242525,0,4857500.867648858,SOURCE_USD,7668321258.785639,7664642089.280024,5092785.441382076,,0.02308736216964928,0.09666928660173964,59.291666666666664,0.027051927614272105,0.19564111593692532,-0.007316977736041008,37255.262486160726,SOURCE_USD,191119.1599743716,162236.38965116395,31740.108316931557,,0.0006307193826142713,,
1788724800000,2026-09-06T20:00:00.000Z,0.00010332623146414618,0.16989769796927676,21.041666666666668,0.013725130804905554,0.000664451827242525,0,4857500.867648858,SOURCE_USD,7668321349.235265,7664642089.280024,5092785.441382076,,0.02310115499658307,0.09666928660173964,59.25,0.027051927614272105,0.19564111593692532,-0.007316977736041008,37255.262486160726,SOURCE_USD,191119.66397817724,162236.38965116395,31740.108316931557,,0.0006307193826142713,,
1788728400000,2026-09-06T21:00:00.000Z,0.00010338561375008695,0.16989769796927676,21,0.013725130804905554,0.000664451827242525,0,4857500.867648858,SOURCE_USD,7668321439.7368765,7664642089.280024,5092785.441382076,,0.023114957259249263,0.09666928660173964,59.208333333333336,0.027051927614272105,0.19564111593692532,-0.007316977736041008,37255.262486160726,SOURCE_USD,191120.16828444027,162236.38965116395,31740.108316931557,,0.0006307193826142713,,
1788732000000,2026-09-06T22:00:00.000Z,0.00010344503299288822,0.16989769796927676,20.958333333333332,0.013725130804905554,0.000664451827242525,0,4857500.867648858,SOURCE_USD,7668321530.290501,7664642089.280024,5092785.441382076,,0.023128762960871165,0.09666928660173964,59.166666666666664,0.027051927614272105,0.19564111593692532,-0.007316977736041008,37255.262486160726,SOURCE_USD,191120.67289323814,162236.38965116395,31740.108316931557,,0.0006307193826142713,,
1788735600000,2026-09-06T23:00:00.000Z,0.0001035044911378969,0.16989769796927676,20.916666666666668,0.013725130804905554,0.000664451827242525,0,4857500.867648858,SOURCE_USD,7668321620.896176,7664642089.280024,5092785.441382076,,0.023142580105579527,0.09666928660173964,59.125,0.027051927614272105,0.19564111593692532,-0.007316977736041008,37255.262486160726,SOURCE_USD,191121.17780482286,162236.38965116395,31740.108316931557,,0.0006307193826142713,,
1788739200000,2026-09-07T00:00:00.000Z,0.0001035639862401967,0.16989615436548855,20.875,0.01360729033928654,0.000664451827242525,0,4888557.235394642,SOURCE_USD,7668321711.553934,7664642089.280024,5092785.441382076,,0.023156403694439758,0.09631558969772037,59.083333333333336,0.027051927614272105,0.19564111593692532,-0.007316977736041008,37254.998775594526,SOURCE_USD,191121.68301933742,162236.38965116395,31740.108316931557,,0.0006307193826142713,,
1788742800000,2026-09-07T01:00:00.000Z,0.00010362352218959943,0.16989615436548855,20.833333333333332,0.013725130804905552,0.000664451827242525,0,4888557.235394642,SOURCE_USD,7668321802.26381,7664642089.280024,5092785.441382076,,0.023170233719671522,0.09631558969772037,59.041666666666664,0.02702505381193454,0.19564111593692532,-0.007316977736041008,37254.998775594526,SOURCE_USD,191122.18853692472,162236.38965116395,31740.108316931557,,0.0006307193826142713,,
1788746400000,2026-09-07T02:00:00.000Z,0.00010368309704141076,0.16989615436548855,20.791666666666668,0.013725130804905552,0.000664451827242525,0,4888557.235394642,SOURCE_USD,7668321893.025836,7664642089.280024,5092785.441382076,,0.023184070175439355,0.09631558969772037,59,0.02702505381193454,0.19564111593692532,-0.007316977736041008,37254.998775594526,SOURCE_USD,191122.69435772733,162236.38965116395,31740.108316931557,,0.0006307193826142713,,
1788750000000,2026-09-07T03:00:00.000Z,0.00010374271079517968,0.16989615436548855,20.75,0.013725130804905552,0.000664451827242525,0,4888557.235394642,SOURCE_USD,7668321983.840047,7664642089.280024,5092785.441382076,,0.023197918117086047,0.09631558969772037,58.958333333333336,0.02702505381193454,0.19564111593692532,-0.007316977736041008,37254.998775594526,SOURCE_USD,191123.20048199836,162236.38965116395,31740.108316931557,,0.0006307193826142713,,
1788753600000,2026-09-07T04:00:00.000Z,0.0001038023595613035,0.16989615436548855,20.708333333333332,0.013725130804905552,0.000664451827242525,0,4888557.235394642,SOURCE_USD,7668322074.706476,7664642089.280024,5092785.441382076,,0.02321176844343847,0.09631558969772037,58.916666666666664,0.02702505381193454,0.19564111593692532,-0.007316977736041008,37254.998775594526,SOURCE_USD,191123.70690979212,162236.38965116395,31740.108316931557,,0.0006307193826142713,,
1788757200000,2026-09-07T05:00:00.000Z,0.00010386204917450223,0.16989615436548855,20.666666666666668,0.013725130804905552,0.000664451827242525,0,4888557.235394642,SOURCE_USD,7668322165.625157,7664642089.280024,5092785.441382076,,0.02322563230387157,0.09631558969772037,58.875,0.02702505381193454,0.19564111593692532,-0.007316977736041008,37254.998775594526,SOURCE_USD,191124.21364140642,162236.38965116395,31740.108316931557,,0.0006307193826142713,,
1788760800000,2026-09-07T06:00:00.000Z,0.00010392177768985992,0.16989615436548855,20.625,0.013725130804905552,0.000664451827242525,0,4888557.235394642,SOURCE_USD,7668322256.596126,7664642089.280024,5092785.441382076,,0.02323949751421138,0.09631558969772037,58.833333333333336,0.02702505381193454,0.19564111593692532,-0.007316977736041008,37254.998775594526,SOURCE_USD,191124.72067687308,162236.38965116395,31740.108316931557,,0.0006307193826142713,,
1788764400000,2026-09-07T07:00:00.000Z,0.00010398154705272217,0.16989615436548855,20.583333333333332,0.013725130804905552,0.000664451827242525,0,4888557.235394642,SOURCE_USD,7668322347.619411,7664642089.280024,5092785.441382076,,0.023253373222313974,0.09631558969772037,58.791666666666664,0.02702505381193454,0.19564111593692532,-0.007316977736041008,37254.998775594526,SOURCE_USD,191125.22801642356,162236.38965116395,31740.108316931557,,0.0006307193826142713,,
1788768000000,2026-09-07T08:00:00.000Z,0.00010404134948233791,0.16989615436548855,20.541666666666668,0.013725130804905552,0.000664451827242525,0,4888557.235394642,SOURCE_USD,7668322438.695053,7664642089.280024,5092785.441382076,,0.02326725740915407,0.09631558969772037,58.75,0.02702505381193454,0.19564111593692532,-0.007316977736041008,37254.998775594526,SOURCE_USD,191125.7356602452,162236.38965116395,31740.108316931557,,0.0006307193826142713,,
1788771600000,2026-09-07T09:00:00.000Z,0.0001041011947045748,0.16989615436548855,20.5,0.013725130804905552,0.000664451827242525,0,4888557.235394642,SOURCE_USD,7668322529.823081,7664642089.280024,5092785.441382076,,0.023281145972493433,0.09631558969772037,58.708333333333336,0.02702505381193454,0.19564111593692532,-0.007316977736041008,37254.998775594526,SOURCE_USD,191126.24360843597,162236.38965116395,31740.108316931557,,0.0006307193826142713,,
1788775200000,2026-09-07T10:00:00.000Z,0.00010416107882872073,0.16989615436548855,20.458333333333332,0.013725130804905552,0.000664451827242525,0,4888557.235394642,SOURCE_USD,7668322621.003532,7664642089.280024,5092785.441382076,,0.023295045064717457,0.09631558969772037,58.666666666666664,0.02702505381193454,0.19564111593692532,-0.007316977736041008,37254.998775594526,SOURCE_USD,191126.75186122794,162236.38965116395,31740.108316931557,,0.0006307193826142713,,
1788778800000,2026-09-07T11:00:00.000Z,0.00010422099991030466,0.16989615436548855,20.416666666666668,0.013725130804905552,0.000664451827242525,0,4888557.235394642,SOURCE_USD,7668322712.236438,7664642089.280024,5092785.441382076,,0.02330894852371488,0.09631558969772037,58.625,0.02702505381193454,0.19564111593692532,-0.007316977736041008,37254.998775594526,SOURCE_USD,191127.26041871886,162236.38965116395,31740.108316931557,,0.0006307193826142713,,
1788782400000,2026-09-07T12:00:00.000Z,0.0001042809598940059,0.16989615436548855,20.375,0.013725130804905552,0.000664451827242525,0,4888557.235394642,SOURCE_USD,7668322803.521832,7664642089.280024,5092785.441382076,,0.02332286252132224,0.09631558969772037,58.583333333333336,0.02702505381193454,0.19564111593692532,-0.007316977736041008,37254.998775594526,SOURCE_USD,191127.7692811411,162236.38965116395,31740.108316931557,,0.0006307193826142713,,
1788786000000,2026-09-07T13:00:00.000Z,0.00010434095877981747,0.16989615436548855,20.333333333333332,0.013725130804905552,0.000664451827242525,0,4888557.235394642,SOURCE_USD,7668322894.859749,7664642089.280024,5092785.441382076,,0.02333678191466671,0.09631558969772037,58.541666666666664,0.02702505381193454,0.19564111593692532,-0.007316977736041008,37254.998775594526,SOURCE_USD,191128.2784486148,162236.38965116395,31740.108316931557,,0.0006307193826142713,,
1788789600000,2026-09-07T14:00:00.000Z,0.00010440099851286202,0.16989615436548855,20.291666666666668,0.013725130804905552,0.000664451827242525,0,4888557.235394642,SOURCE_USD,7668322986.250223,7664642089.280024,5092785.441382076,,0.02335070875584049,0.09631558969772037,58.5,0.02702505381193454,0.19564111593692532,-0.007316977736041008,37254.998775594526,SOURCE_USD,191128.78792130484,162236.38965116395,31740.108316931557,,0.0006307193826142713,,
1788793200000,2026-09-07T15:00:00.000Z,0.00010446107131305789,0.16989615436548855,20.25,0.013725130804905552,0.000664451827242525,0,4888557.235394642,SOURCE_USD,7668323077.693288,7664642089.280024,5092785.441382076,,0.02336464512805675,0.09631558969772037,58.458333333333336,0.02702505381193454,0.19564111593692532,-0.007316977736041008,37254.998775594526,SOURCE_USD,191129.29769942167,162236.38965116395,31740.108316931557,,0.0006307193826142713,,
1788796800000,2026-09-07T16:00:00.000Z,0.00010452118885073198,0.16989615436548855,20.208333333333332,0.013725130804905552,0.000664451827242525,0,4888557.235394642,SOURCE_USD,7668323169.188976,7664642089.280024,5092785.441382076,,0.023378585841760065,0.09631558969772037,58.416666666666664,0.02702505381193454,0.19564111593692532,-0.007316977736041008,37254.998775594526,SOURCE_USD,191129.80778306242,162236.38965116395,31740.108316931557,,0.0006307193826142713,,
1788800400000,2026-09-07T17:00:00.000Z,0.00010458134140022936,0.16989615436548855,20.166666666666668,0.013725130804905552,0.000664451827242525,0,4888557.235394642,SOURCE_USD,7668323260.737325,7664642089.280024,5092785.441382076,,0.023392536086506228,0.09631558969772037,58.375,0.02702505381193454,0.19564111593692532,-0.007316977736041008,37254.998775594526,SOURCE_USD,191130.31817243752,162236.38965116395,31740.108316931557,,0.0006307193826142713,,
1788804000000,2026-09-07T18:00:00.000Z,0.00010464153285202423,0.16989615436548855,20.125,0.013725130804905552,0.000664451827242525,0,4888557.235394642,SOURCE_USD,7668323352.338365,7664642089.280024,5092785.441382076,,0.023406494837221483,0.09631558969772037,58.333333333333336,0.02702505381193454,0.19564111593692532,-0.007316977736041008,37254.998775594526,SOURCE_USD,191130.828867735,162236.38965116395,31740.108316931557,,0.0006307193826142713,,
1788807600000,2026-09-07T19:00:00.000Z,0.00010463544465538504,0.16989615436548855,20.083333333333332,0.013725130804905552,0.000664451827242525,0,4888557.235394642,SOURCE_USD,7689781793.648486,7686100438.936381,5107043.481020852,,0.023420457913862994,0.09631558969772037,58.291666666666664,0.02702505381193454,0.19564111593692532,-0.007316977736041008,37254.998775594526,SOURCE_USD,191131.3398690516,162236.38965116395,31740.108316931557,,0.0006307193826142713,,
1788811200000,2026-09-07T20:00:00.000Z,0.0001044696959339917,0.16989615436548855,20.041666666666668,0.013725130804905552,0.000664451827242525,0,4888557.235394642,SOURCE_USD,7689781885.355013,7686100438.936381,5107043.481020852,,0.023434431589413135,0.09631558969772037,58.25,0.02702505381193454,0.19564111593692532,-0.007316977736041008,37254.998775594526,SOURCE_USD,191131.8511766211,162236.38965116395,31740.108316931557,,0.0006307193826142713,,
1788814800000,2026-09-07T21:00:00.000Z,0.00010452983681292302,0.16989615436548855,20,0.013725130804905552,0.000664451827242525,0,4888557.235394642,SOURCE_USD,7689781977.114333,7686100438.936381,5107043.481020852,,0.02344840957727362,0.09631558969772037,58.208333333333336,0.02702505381193454,0.19564111593692532,-0.007316977736041008,37254.998775594526,SOURCE_USD,191132.36279054,162236.38965116395,31740.108316931557,,0.0006307193826142713,,
1788818400000,2026-09-07T22:00:00.000Z,0.00010459001464902593,0.16989615436548855,19.958333333333332,0.013725130804905552,0.000664451827242525,0,4888557.235394642,SOURCE_USD,7689782068.926481,7686100438.936381,5107043.481020852,,0.023462397123408228,0.09631558969772037,58.166666666666664,0.02702505381193454,0.19564111593692532,-0.007316977736041008,37254.998775594526,SOURCE_USD,191132.87471101934,162236.38965116395,31740.108316931557,,0.0006307193826142713,,
1788822000000,2026-09-07T23:00:00.000Z,0.00010465023333233016,0.16989615436548855,19.916666666666668,0.013725130804905552,0.000664451827242525,0,4888557.235394642,SOURCE_USD,7689782160.791491,7686100438.936381,5107043.481020852,,0.02347639107868278,0.09631558969772037,58.125,0.02702505381193454,0.19564111593692532,-0.007316977736041008,37254.998775594526,SOURCE_USD,191133.38693820138,162236.38965116395,31740.108316931557,,0.0006307193826142713,,
1788825600000,2026-09-08T00:00:00.000Z,0.00010471048897279215,0.1698948796277625,19.875,0.01360729033928654,0.000664451827242525,0,4865667.672966413,SOURCE_USD,7689782252.709396,7686100438.936381,5107043.481020852,,0.023490395671768135,0.09595692600082177,58.083333333333336,0.02672422732217672,0.1950800803729931,-0.0028676771814831747,37035.63553623132,SOURCE_USD,191133.89947232066,162236.38965116395,31649.08793257329,,0.0006307193826142713,,
1788829200000,2026-09-08T01:00:00.000Z,0.00010477078351553419,0.1698948796277625,19.833333333333332,0.013725130804905552,0.000664451827242525,0,4865667.672966413,SOURCE_USD,7689782344.680231,7686100438.936381,5107043.481020852,,0.02350440349568221,0.09595692600082177,58.041666666666664,0.02706291480013985,0.1950800803729931,-0.0028676771814831747,37035.63553623132,SOURCE_USD,191134.41231345022,162236.38965116395,31649.08793257329,,0.0006307193826142713,,
1788832800000,2026-09-08T02:00:00.000Z,0.00010483111501542038,0.1698948796277625,19.791666666666668,0.013725130804905552,0.000664451827242525,0,4865667.672966413,SOURCE_USD,7689782436.704029,7686100438.936381,5107043.481020852,,0.023518420901211774,0.09595692600082177,58,0.02706291480013985,0.1950800803729931,-0.0028676771814831747,37035.63553623132,SOURCE_USD,191134.92546180153,162236.38965116395,31649.08793257329,,0.0006307193826142713,,
1788836400000,2026-09-08T03:00:00.000Z,0.00010489148930760833,0.1698948796277625,19.75,0.013725130804905552,0.000664451827242525,0,4865667.672966413,SOURCE_USD,7689782528.780826,7686100438.936381,5107043.481020852,,0.02353244471004592,0.09595692600082177,57.958333333333336,0.02706291480013985,0.1950800803729931,-0.0028676771814831747,37035.63553623132,SOURCE_USD,191135.43891751676,162236.38965116395,31649.08793257329,,0.0006307193826142713,,
1788840000000,2026-09-08T04:00:00.000Z,0.00010495190250205496,0.1698948796277625,19.708333333333332,0.013725130804905552,0.000664451827242525,0,4865667.672966413,SOURCE_USD,7689782620.910654,7686100438.936381,5107043.481020852,,0.023546477048190854,0.09595692600082177,57.916666666666664,0.02706291480013985,0.1950800803729931,-0.0028676771814831747,37035.63553623132,SOURCE_USD,191135.95268078457,162236.38965116395,31649.08793257329,,0.0006307193826142713,,
1788843600000,2026-09-08T05:00:00.000Z,0.00010501234876336766,0.1698948796277625,19.666666666666668,0.013725130804905552,0.000664451827242525,0,4865667.672966413,SOURCE_USD,7689782713.093547,7686100438.936381,5107043.481020852,,0.02356051685945103,0.09595692600082177,57.875,0.02706291480013985,0.1950800803729931,-0.0028676771814831747,37035.63553623132,SOURCE_USD,191136.46675177035,162236.38965116395,31649.08793257329,,0.0006307193826142713,,
1788847200000,2026-09-08T06:00:00.000Z,0.0001050728378171825,0.1698948796277625,19.625,0.013725130804905552,0.000664451827242525,0,4865667.672966413,SOURCE_USD,7689782805.329539,7686100438.936381,5107043.481020852,,0.023574560920778243,0.09595692600082177,57.833333333333336,0.02706291480013985,0.1950800803729931,-0.0028676771814831747,37035.63553623132,SOURCE_USD,191136.98113056936,162236.38965116395,31649.08793257329,,0.0006307193826142713,,
1788850800000,2026-09-08T07:00:00.000Z,0.00010513336577301313,0.1698948796277625,19.583333333333332,0.013725130804905552,0.000664451827242525,0,4865667.672966413,SOURCE_USD,7689782897.618666,7686100438.936381,5107043.481020852,,0.023588617806220607,0.09595692600082177,57.791666666666664,0.02706291480013985,0.1950800803729931,-0.0028676771814831747,37035.63553623132,SOURCE_USD,191137.495817464,162236.38965116395,31649.08793257329,,0.0006307193826142713,,
1788854400000,2026-09-08T08:00:00.000Z,0.0001051939287410401,0.1698948796277625,19.541666666666668,0.013725130804905552,0.000664451827242525,0,4865667.672966413,SOURCE_USD,7689782989.960957,7686100438.936381,5107043.481020852,,0.02360268002710163,0.09595692600082177,57.75,0.02706291480013985,0.1950800803729931,-0.0028676771814831747,37035.63553623132,SOURCE_USD,191138.01081257296,162236.38965116395,31649.08793257329,,0.0006307193826142713,,
1788858000000,2026-09-08T09:00:00.000Z,0.00010525453450154734,0.1698948796277625,19.5,0.013725130804905552,0.000664451827242525,0,4865667.672966413,SOURCE_USD,7689783082.356451,7686100438.936381,5107043.481020852,,0.02361674863961653,0.09595692600082177,57.708333333333336,0.02706291480013985,0.1950800803729931,-0.0028676771814831747,37035.63553623132,SOURCE_USD,191138.52611603838,162236.38965116395,31649.08793257329,,0.0006307193826142713,,
1788861600000,2026-09-08T10:00:00.000Z,0.00010531517721892117,0.1698948796277625,19.458333333333332,0.013725130804905552,0.000664451827242525,0,4865667.672966413,SOURCE_USD,7689783174.805181,7686100438.936381,5107043.481020852,,0.02363082580283831,0.09595692600082177,57.666666666666664,0.02706291480013985,0.1950800803729931,-0.0028676771814831747,37035.63553623132,SOURCE_USD,191139.0417280492,162236.38965116395,31649.08793257329,,0.0006307193826142713,,
1788865200000,2026-09-08T11:00:00.000Z,0.00010537585883872678,0.1698948796277625,19.416666666666668,0.013725130804905552,0.000664451827242525,0,4865667.672966413,SOURCE_USD,7689783267.3071785,7686100438.936381,5107043.481020852,,0.02364490827232229,0.09595692600082177,57.625,0.02706291480013985,0.1950800803729931,-0.0028676771814831747,37035.63553623132,SOURCE_USD,191139.55764872374,162236.38965116395,31649.08793257329,,0.0006307193826142713,,
1788868800000,2026-09-08T12:00:00.000Z,0.00010543657936073503,0.1698948796277625,19.375,0.013725130804905552,0.000664451827242525,0,4865667.672966413,SOURCE_USD,7689783359.862481,7686100438.936381,5107043.481020852,,0.02365899929251292,0.09595692600082177,57.583333333333336,0.02706291480013985,0.1950800803729931,-0.0028676771814831747,37035.63553623132,SOURCE_USD,191140.07387825105,162236.38965116395,31649.08793257329,,0.0006307193826142713,,
1788872400000,2026-09-08T13:00:00.000Z,0.00010549733878493885,0.1698948796277625,19.333333333333332,0.013725130804905552,0.000664451827242525,0,4865667.672966413,SOURCE_USD,7689783452.471119,7686100438.936381,5107043.481020852,,0.02367310213314159,0.09595692600082177,57.541666666666664,0.02706291480013985,0.1950800803729931,-0.0028676771814831747,37035.63553623132,SOURCE_USD,191140.59041689147,162236.38965116395,31649.08793257329,,0.0006307193826142713,,
1788876000000,2026-09-08T14:00:00.000Z,0.00010555813711110911,0.1698948796277625,19.291666666666668,0.013725130804905552,0.000664451827242525,0,4865667.672966413,SOURCE_USD,7689783545.133129,7686100438.936381,5107043.481020852,,0.023687205928819653,0.09595692600082177,57.5,0.02706291480013985,0.1950800803729931,-0.0028676771814831747,37035.63553623132,SOURCE_USD,191141.10726466854,162236.38965116395,31649.08793257329,,0.0006307193826142713,,
1788879600000,2026-09-08T15:00:00.000Z,0.00010561897239477748,0.1698948796277625,19.25,0.013725130804905552,0.000664451827242525,0,4865667.672966413,SOURCE_USD,7689783637.848544,7686100438.936381,5107043.481020852,,0.02370132155660614,0.09595692600082177,57.458333333333336,0.02706291480013985,0.1950800803729931,-0.0028676771814831747,37035.63553623132,SOURCE_USD,191141.62442184272,162236.38965116395,31649.08793257329,,0.0006307193826142713,,
1788883200000,2026-09-08T16:00:00.000Z,0.00010567984658039832,0.1698948796277625,19.208333333333332,0.013725130804905552,0.000664451827242525,0,4865667.672966413,SOURCE_USD,7689783730.617398,7686100438.936381,5107043.481020852,,0.023715441383886933,0.09595692600082177,57.416666666666664,0.02706291480013985,0.1950800803729931,-0.0028676771814831747,37035.63553623132,SOURCE_USD,191142.1418885082,162236.38965116395,31649.08793257329,,0.0006307193826142713,,
1788886800000,2026-09-08T17:00:00.000Z,0.00010574076161331373,0.1698948796277625,19.166666666666668,0.013725130804905552,0.000664451827242525,0,4865667.672966413,SOURCE_USD,7689783823.439727,7686100438.936381,5107043.481020852,,0.023729571967629943,0.09595692600082177,57.375,0.02706291480013985,0.1950800803729931,-0.0028676771814831747,37035.63553623132,SOURCE_USD,191142.6596649023,162236.38965116395,31649.08793257329,,0.0006307193826142713,,
1788890400000,2026-09-08T18:00:00.000Z,0.00010580171554861119,0.1698948796277625,19.125,0.013725130804905552,0.000664451827242525,0,4865667.672966413,SOURCE_USD,7689783916.315561,7686100438.936381,5107043.481020852,,0.023743707844019416,0.09595692600082177,57.333333333333336,0.02706291480013985,0.1950800803729931,-0.0028676771814831747,37035.63553623132,SOURCE_USD,191143.1777511429,162236.38965116395,31649.08793257329,,0.0006307193826142713,,
1788894000000,2026-09-08T19:00:00.000Z,0.00010586270644093476,0.1698948796277625,19.083333333333332,0.013725130804905552,0.000664451827242525,0,4865667.672966413,SOURCE_USD,7689784009.244938,7686100438.936381,5107043.481020852,,0.023757851195469467,0.09595692600082177,57.291666666666664,0.02706291480013985,0.1950800803729931,-0.0028676771814831747,37035.63553623132,SOURCE_USD,191143.69614739568,162236.38965116395,31649.08793257329,,0.0006307193826142713,,
1788897600000,2026-09-08T20:00:00.000Z,0.00010592373623562641,0.1698948796277625,19.041666666666668,0.013725130804905552,0.000664451827242525,0,4865667.672966413,SOURCE_USD,7689784102.227888,7686100438.936381,5107043.481020852,,0.023772004227735656,0.09595692600082177,57.25,0.02706291480013985,0.1950800803729931,-0.0028676771814831747,37035.63553623132,SOURCE_USD,191144.21485387435,162236.38965116395,31649.08793257329,,0.0006307193826142713,,
1788901200000,2026-09-08T21:00:00.000Z,0.00010598480687736166,0.1698948796277625,19,0.013725130804905552,0.000664451827242525,0,4865667.672966413,SOURCE_USD,7689784195.26445,7686100438.936381,5107043.481020852,,0.02378616364774541,0.09595692600082177,57.208333333333336,0.02706291480013985,0.1950800803729931,-0.0028676771814831747,37035.63553623132,SOURCE_USD,191144.73387072075,162236.38965116395,31649.08793257329,,0.0006307193826142713,,
1788904800000,2026-09-08T22:00:00.000Z,0.00010604591253119745,0.1698948796277625,18.958333333333332,0.013725130804905552,0.000664451827242525,0,4865667.672966413,SOURCE_USD,7689784288.354653,7686100438.936381,5107043.481020852,,0.023800329443828174,0.09595692600082177,57.166666666666664,0.02706291480013985,0.1950800803729931,-0.0028676771814831747,37035.63553623132,SOURCE_USD,191145.25319807668,162236.38965116395,31649.08793257329,,0.0006307193826142713,,
1788908400000,2026-09-08T23:00:00.000Z,0.00010610705903250662,0.1698948796277625,18.916666666666668,0.013725130804905552,0.000664451827242525,0,4865667.672966413,SOURCE_USD,7689784381.498534,7686100438.936381,5107043.481020852,,0.023814501610148753,0.09595692600082177,57.125,0.02706291480013985,0.1950800803729931,-0.0028676771814831747,37035.63553623132,SOURCE_USD,191145.77283608355,162236.38965116395,31649.08793257329,,0.0006307193826142713,,
1788912000000,2026-09-09T00:00:00.000Z,0.00010616824638105963,0.1698932896707704,18.875,0.01360729033928654,0.000664451827242525,0,4861301.992857728,SOURCE_USD,7689784474.696127,7686100438.936381,5107043.481020852,,0.023828683472846345,0.09559325773917847,57.083333333333336,0.026841248209430832,0.19565259924478096,0.0029347889886717216,37620.65210952734,SOURCE_USD,191146.29278495547,162236.38965116395,31741.971327339306,,0.0006307193826142713,,
1788915600000,2026-09-09T01:00:00.000Z,0.00010622947068659668,0.1698932896707704,18.833333333333332,0.013725130804905552,0.000664451827242525,0,4861301.992857728,SOURCE_USD,7689784567.947467,7686100438.936381,5107043.481020852,,0.02384287282227505,0.09559325773917847,57.041666666666664,0.026841248209430832,0.19565259924478096,0.0029347889886717216,37620.65210952734,SOURCE_USD,191146.81304485834,162236.38965116395,31741.971327339306,,0.0006307193826142713,,
1788919200000,2026-09-09T02:00:00.000Z,0.00010629073000420689,0.1698932896707704,18.791666666666668,0.013725130804905552,0.000664451827242525,0,4861301.992857728,SOURCE_USD,7689784661.252584,7686100438.936381,5107043.481020852,,0.023857069660380124,0.09559325773917847,57,0.026841248209430832,0.19565259924478096,0.0029347889886717216,37620.65210952734,SOURCE_USD,191147.33361595817,162236.38965116395,31741.971327339306,,0.0006307193826142713,,
1788922800000,2026-09-09T03:00:00.000Z,0.00010635203405929153,0.1698932896707704,18.75,0.013725130804905552,0.000664451827242525,0,4861301.992857728,SOURCE_USD,7689784754.611516,7686100438.936381,5107043.481020852,,0.023871273989106722,0.09559325773917847,56.958333333333336,0.026841248209430832,0.19565259924478096,0.0029347889886717216,37620.65210952734,SOURCE_USD,191147.8544984208,162236.38965116395,31741.971327339306,,0.0006307193826142713,,
1788926400000,2026-09-09T04:00:00.000Z,0.00010641337701668691,0.1698932896707704,18.708333333333332,0.013725130804905552,0.000664451827242525,0,4861301.992857728,SOURCE_USD,7689784848.024296,7686100438.936381,5107043.481020852,,0.023885485804564465,0.09559325773917847,56.916666666666664,0.026841248209430832,0.19565259924478096,0.0029347889886717216,37620.65210952734,SOURCE_USD,191148.37569241232,162236.38965116395,31741.971327339306,,0.0006307193826142713,,
1788930000000,2026-09-09T05:00:00.000Z,0.00010647475693126021,0.1698932896707704,18.666666666666668,0.013725130804905552,0.000664451827242525,0,4861301.992857728,SOURCE_USD,7689784941.490957,7686100438.936381,5107043.481020852,,0.023899701747547374,0.09559325773917847,56.875,0.026841248209430832,0.19565259924478096,0.0029347889886717216,37620.65210952734,SOURCE_USD,191148.89719802517,162236.38965116395,31741.971327339306,,0.0006307193826142713,,
1788933600000,2026-09-09T06:00:00.000Z,0.00010653616991253144,0.1698932896707704,18.625,0.013725130804905552,0.000664451827242525,0,4861301.992857728,SOURCE_USD,7689785035.011535,7686100438.936381,5107043.481020852,,0.0239139296587964,0.09559325773917847,56.833333333333336,0.026841248209430832,0.19565259924478096,0.0029347889886717216,37620.65210952734,SOURCE_USD,191149.4190155231,162236.38965116395,31741.971327339306,,0.0006307193826142713,,
1788937200000,2026-09-09T07:00:00.000Z,0.00010659763152172017,0.1698932896707704,18.583333333333332,0.013725130804905552,0.000664451827242525,0,4861301.992857728,SOURCE_USD,7689785128.586063,7686100438.936381,5107043.481020852,,0.0239281639461186,0.09559325773917847,56.791666666666664,0.026841248209430832,0.19565259924478096,0.0029347889886717216,37620.65210952734,SOURCE_USD,191149.94114504775,162236.38965116395,31741.971327339306,,0.0006307193826142713,,
1788940800000,2026-09-09T08:00:00.000Z,0.0001066591242526894,0.1698932896707704,18.541666666666668,0.013725130804905552,0.000664451827242525,0,4861301.992857728,SOURCE_USD,7689785222.214573,7686100438.936381,5107043.481020852,,0.023942405722117043,0.09559325773917847,56.75,0.026841248209430832,0.19565259924478096,0.0029347889886717216,37620.65210952734,SOURCE_USD,191150.4635867652,162236.38965116395,31741.971327339306,,0.0006307193826142713,,
1788944400000,2026-09-09T09:00:00.000Z,0.00010672066366621313,0.1698932896707704,18.5,0.013725130804905552,0.000664451827242525,0,4861301.992857728,SOURCE_USD,7689785315.897104,7686100438.936381,5107043.481020852,,0.02395665499457251,0.09559325773917847,56.708333333333336,0.026841248209430832,0.19565259924478096,0.0029347889886717216,37620.65210952734,SOURCE_USD,191150.98634084145,162236.38965116395,31741.971327339306,,0.0006307193826142713,,
1788948000000,2026-09-09T10:00:00.000Z,0.00010678223420150396,0.1698932896707704,18.458333333333332,0.013725130804905552,0.000664451827242525,0,4861301.992857728,SOURCE_USD,7689785409.633686,7686100438.936381,5107043.481020852,,0.023970908361485757,0.09559325773917847,56.666666666666664,0.026841248209430832,0.19565259924478096,0.0029347889886717216,37620.65210952734,SOURCE_USD,191151.5094073685,162236.38965116395,31741.971327339306,,0.0006307193826142713,,
1788951600000,2026-09-09T11:00:00.000Z,0.00010684384752930602,0.1698932896707704,18.416666666666668,0.013725130804905552,0.000664451827242525,0,4861301.992857728,SOURCE_USD,7689785503.4243555,7686100438.936381,5107043.481020852,,0.02398517374918354,0.09559325773917847,56.625,0.026841248209430832,0.19565259924478096,0.0029347889886717216,37620.65210952734,SOURCE_USD,191152.03278661115,162236.38965116395,31741.971327339306,,0.0006307193826142713,,
1788955200000,2026-09-09T12:00:00.000Z,0.00010690549975936168,0.1698932896707704,18.375,0.013725130804905552,0.000664451827242525,0,4861301.992857728,SOURCE_USD,7689785597.269145,7686100438.936381,5107043.481020852,,0.02399944436533905,0.09559325773917847,56.583333333333336,0.026841248209430832,0.19565259924478096,0.0029347889886717216,37620.65210952734,SOURCE_USD,191152.55647868602,162236.38965116395,31741.971327339306,,0.0006307193826142713,,
1788958800000,2026-09-09T13:00:00.000Z,0.00010696718894631701,0.1698932896707704,18.333333333333332,0.013725130804905552,0.000664451827242525,0,4861301.992857728,SOURCE_USD,7689785691.168089,7686100438.936381,5107043.481020852,,0.02401372703145564,0.09559325773917847,56.541666666666664,0.026841248209430832,0.19565259924478096,0.0029347889886717216,37620.65210952734,SOURCE_USD,191153.0804838587,162236.38965116395,31741.971327339306,,0.0006307193826142713,,
1788962400000,2026-09-09T14:00:00.000Z,0.0001070289189808584,0.1698932896707704,18.291666666666668,0.013725130804905552,0.000664451827242525,0,4861301.992857728,SOURCE_USD,7689785785.1212225,7686100438.936381,5107043.481020852,,0.024028010362799855,0.09559325773917847,56.5,0.026841248209430832,0.19565259924478096,0.0029347889886717216,37620.65210952734,SOURCE_USD,191153.60480214623,162236.38965116395,31741.971327339306,,0.0006307193826142713,,
1788966000000,2026-09-09T15:00:00.000Z,0.0001070906859722853,0.1698932896707704,18.25,0.013725130804905552,0.000664451827242525,0,4861301.992857728,SOURCE_USD,7689785879.128578,7686100438.936381,5107043.481020852,,0.024042302318765325,0.09559325773917847,56.458333333333336,0.026841248209430832,0.19565259924478096,0.0029347889886717216,37620.65210952734,SOURCE_USD,191154.12943373944,162236.38965116395,31741.971327339306,,0.0006307193826142713,,
1788969600000,2026-09-09T16:00:00.000Z,0.00010715249381128362,0.1698932896707704,18.208333333333332,0.013725130804905552,0.000664451827242525,0,4861301.992857728,SOURCE_USD,7689785973.190191,7686100438.936381,5107043.481020852,,0.02405660635192326,0.09559325773917847,56.416666666666664,0.026841248209430832,0.19565259924478096,0.0029347889886717216,37620.65210952734,SOURCE_USD,191154.6543789043,162236.38965116395,31741.971327339306,,0.0006307193826142713,,
1788973200000,2026-09-09T17:00:00.000Z,0.00010721433860715324,0.1698932896707704,18.166666666666668,0.013725130804905552,0.000664451827242525,0,4861301.992857728,SOURCE_USD,7689786067.306097,7686100438.936381,5107043.481020852,,0.02407091330080217,0.09559325773917847,56.375,0.026841248209430832,0.19565259924478096,0.0029347889886717216,37620.65210952734,SOURCE_USD,191155.17963770713,162236.38965116395,31741.971327339306,,0.0006307193826142713,,
1788976800000,2026-09-09T18:00:00.000Z,0.00010727622619548176,0.1698932896707704,18.125,0.013725130804905552,0.000664451827242525,0,4861301.992857728,SOURCE_USD,7689786161.476329,7686100438.936381,5107043.481020852,,0.024085230045258855,0.09559325773917847,56.333333333333336,0.026841248209430832,0.19565259924478096,0.0029347889886717216,37620.65210952734,SOURCE_USD,191155.70521036416,162236.38965116395,31741.971327339306,,0.0006307193826142713,,
1788980400000,2026-09-09T19:00:00.000Z,0.00010733815074111118,0.1698932896707704,18.083333333333332,0.013725130804905552,0.000664451827242525,0,4861301.992857728,SOURCE_USD,7689786255.700919,7686100438.936381,5107043.481020852,,0.024099554288117365,0.09559325773917847,56.291666666666664,0.026841248209430832,0.19565259924478096,0.0029347889886717216,37620.65210952734,SOURCE_USD,191156.23109704172,162236.38965116395,31741.971327339306,,0.0006307193826142713,,
1788984000000,2026-09-09T20:00:00.000Z,0.00010740011029846673,0.1698932896707704,18.041666666666668,0.013725130804905552,0.000664451827242525,0,4861301.992857728,SOURCE_USD,7689786349.979901,7686100438.936381,5107043.481020852,,0.02411388603910328,0.09559325773917847,56.25,0.026841248209430832,0.19565259924478096,0.0029347889886717216,37620.65210952734,SOURCE_USD,191156.75729790615,162236.38965116395,31741.971327339306,,0.0006307193826142713,,
1788987600000,2026-09-09T21:00:00.000Z,0.00010746211653872852,0.1698932896707704,18,0.013725130804905552,0.000664451827242525,0,4861301.992857728,SOURCE_USD,7689786444.313315,7686100438.936381,5107043.481020852,,0.024128224136985458,0.09559325773917847,56.208333333333336,0.026841248209430832,0.19565259924478096,0.0029347889886717216,37620.65210952734,SOURCE_USD,191157.28381309856,162236.38965116395,31741.971327339306,,0.0006307193826142713,,
1788991200000,2026-09-09T22:00:00.000Z,0.00010752415195555306,0.1698932896707704,17.958333333333332,0.013725130804905552,0.000664451827242525,0,4861301.992857728,SOURCE_USD,7689786538.701189,7686100438.936381,5107043.481020852,,0.02414257089450088,0.09559325773917847,56.166666666666664,0.026841248209430832,0.19565259924478096,0.0029347889886717216,37620.65210952734,SOURCE_USD,191157.81064281048,162236.38965116395,31741.971327339306,,0.0006307193826142713,,
1788994800000,2026-09-09T23:00:00.000Z,0.0001075862321099231,0.1698932896707704,17.916666666666668,0.013725130804905552,0.000664451827242525,0,4861301.992857728,SOURCE_USD,7689786633.14356,7686100438.936381,5107043.481020852,,0.024156922835736273,0.09559325773917847,56.125,0.026841248209430832,0.19565259924478096,0.0029347889886717216,37620.65210952734,SOURCE_USD,191158.33778715765,162236.38965116395,31741.971327339306,,0.0006307193826142713,,
1788998400000,2026-09-10T00:00:00.000Z,0.00010764835505670693,0.16989165262508366,17.875,0.013607290339286536,0.000664451827242525,0,4850611.579996647,SOURCE_USD,7689786727.640464,7686100438.936381,5107043.481020852,,0.024171286928078628,0.0952235538019555,56.083333333333336,0.02675970765454178,0.1965061211656743,0.004362435889877947,37472.610288632735,SOURCE_USD,191158.86524640777,162236.38965116395,31880.443642273174,,0.0006307193826142713,,
1789002000000,2026-09-10T01:00:00.000Z,0.00010771050912515685,0.16989165262508366,17.833333333333332,0.013725130804905552,0.000664451827242525,0,4850611.579996647,SOURCE_USD,7689786822.19193,7686100438.936381,5107043.481020852,,0.02418565504096478,0.0952235538019555,56.041666666666664,0.02675970765454178,0.1965061211656743,0.004362435889877947,37472.610288632735,SOURCE_USD,191159.39302065125,162236.38965116395,31880.443642273174,,0.0006307193826142713,,
1789005600000,2026-09-10T02:00:00.000Z,0.0001077727059862281,0.16989165262508366,17.791666666666668,0.013725130804905552,0.000664451827242525,0,4850611.579996647,SOURCE_USD,7689786916.797994,7686100438.936381,5107043.481020852,,0.02420003066197832,0.0952235538019555,56,0.02675970765454178,0.1965061211656743,0.004362435889877947,37472.610288632735,SOURCE_USD,191159.92111005448,162236.38965116395,31880.443642273174,,0.0006307193826142713,,
1789009200000,2026-09-10T03:00:00.000Z,0.00010783494369456756,0.16989165262508366,17.75,0.013725130804905552,0.000664451827242525,0,4850611.579996647,SOURCE_USD,7689787011.458695,7686100438.936381,5107043.481020852,,0.024214412610437146,0.0952235538019555,55.958333333333336,0.02675970765454178,0.1965061211656743,0.004362435889877947,37472.610288632735,SOURCE_USD,191160.4495147582,162236.38965116395,31880.443642273174,,0.0006307193826142713,,
1789012800000,2026-09-10T04:00:00.000Z,0.0001078972164147989,0.16989165262508366,17.708333333333332,0.013725130804905552,0.000664451827242525,0,4850611.579996647,SOURCE_USD,7689787106.174061,7686100438.936381,5107043.481020852,,0.02422880558183843,0.0952235538019555,55.916666666666664,0.02675970765454178,0.1965061211656743,0.004362435889877947,37472.610288632735,SOURCE_USD,191160.9782350055,162236.38965116395,31880.443642273174,,0.0006307193826142713,,
1789016400000,2026-09-10T05:00:00.000Z,0.00010795952803738316,0.16989165262508366,17.666666666666668,0.013725130804905552,0.000664451827242525,0,4850611.579996647,SOURCE_USD,7689787200.944129,7686100438.936381,5107043.481020852,,0.024243206069147802,0.0952235538019555,55.875,0.02675970765454178,0.1965061211656743,0.004362435889877947,37472.610288632735,SOURCE_USD,191161.50727096296,162236.38965116395,31880.443642273174,,0.0006307193826142713,,
1789020000000,2026-09-10T06:00:00.000Z,0.00010802188245233645,0.16989165262508366,17.625,0.013725130804905552,0.000664451827242525,0,4850611.579996647,SOURCE_USD,7689787295.768933,7686100438.936381,5107043.481020852,,0.024257610543934122,0.0952235538019555,55.833333333333336,0.02675970765454178,0.1965061211656743,0.004362435889877947,37472.610288632735,SOURCE_USD,191162.03662272036,162236.38965116395,31880.443642273174,,0.0006307193826142713,,
1789023600000,2026-09-10T07:00:00.000Z,0.0001080842718791605,0.16989165262508366,17.583333333333332,0.013725130804905552,0.000664451827242525,0,4850611.579996647,SOURCE_USD,7689787390.648507,7686100438.936381,5107043.481020852,,0.024272024882376862,0.0952235538019555,55.791666666666664,0.02675970765454178,0.1965061211656743,0.004362435889877947,37472.610288632735,SOURCE_USD,191162.56629049542,162236.38965116395,31880.443642273174,,0.0006307193826142713,,
1789027200000,2026-09-10T08:00:00.000Z,0.00010814670409856053,0.16989165262508366,17.541666666666668,0.013725130804905552,0.000664451827242525,0,4850611.579996647,SOURCE_USD,7689787485.582887,7686100438.936381,5107043.481020852,,0.02428644673478252,0.0952235538019555,55.75,0.02675970765454178,0.1965061211656743,0.004362435889877947,37472.610288632735,SOURCE_USD,191163.09627445476,162236.38965116395,31880.443642273174,,0.0006307193826142713,,
1789030800000,2026-09-10T09:00:00.000Z,0.00010820917522028389,0.16989165262508366,17.5,0.013725130804905552,0.000664451827242525,0,4850611.579996647,SOURCE_USD,7689787580.572105,7686100438.936381,5107043.481020852,,0.024300876101150937,0.0952235538019555,55.708333333333336,0.02675970765454178,0.1965061211656743,0.004362435889877947,37472.610288632735,SOURCE_USD,191163.62657476502,162236.38965116395,31880.443642273174,,0.0006307193826142713,,
1789034400000,2026-09-10T10:00:00.000Z,0.00010827168135385693,0.16989165262508366,17.458333333333332,0.013725130804905552,0.000664451827242525,0,4850611.579996647,SOURCE_USD,7689787642.672468,7686100405.992654,5107043.459131332,,0.02431530942776479,0.0952235538019555,55.666666666666664,0.02675970765454178,0.1965061211656743,0.004362435889877947,37472.610288632735,SOURCE_USD,191164.1571915152,162236.38965116395,31880.443642273174,,0.0006307193826142713,,
1789038000000,2026-09-10T11:00:00.000Z,0.0001083342302799833,0.16989165262508366,17.416666666666668,0.013725130804905552,0.000664451827242525,0,4850611.579996647,SOURCE_USD,7689787737.771466,7686100405.992654,5107043.459131332,,0.024329755006631267,0.0952235538019555,55.625,0.02675970765454178,0.1965061211656743,0.004362435889877947,37472.610288632735,SOURCE_USD,191164.6881249753,162236.38965116395,31880.443642273174,,0.0006307193826142713,,
1789041600000,2026-09-10T12:00:00.000Z,0.00010839681810818914,0.16989165262508366,17.375,0.013725130804905552,0.000664451827242525,0,4850611.579996647,SOURCE_USD,7689787832.925408,7686100405.992654,5107043.459131332,,0.024344208113076284,0.0952235538019555,55.583333333333336,0.02675970765454178,0.1965061211656743,0.004362435889877947,37472.610288632735,SOURCE_USD,191165.2193753122,162236.38965116395,31880.443642273174,,0.0006307193826142713,,
1789045200000,2026-09-10T13:00:00.000Z,0.0001084594428935673,0.16989165262508366,17.333333333333332,0.013725130804905552,0.000664451827242525,0,4850611.579996647,SOURCE_USD,7689787928.134323,7686100405.992654,5107043.459131332,,0.02435866516420592,0.0952235538019555,55.541666666666664,0.02675970765454178,0.1965061211656743,0.004362435889877947,37472.610288632735,SOURCE_USD,191165.7509426147,162236.38965116395,31880.443642273174,,0.0006307193826142713,,
1789048800000,2026-09-10T14:00:00.000Z,0.00010852210658101054,0.16989165262508366,17.291666666666668,0.013725130804905552,0.000664451827242525,0,4850611.579996647,SOURCE_USD,7689788023.398247,7686100405.992654,5107043.459131332,,0.02437313211205874,0.0952235538019555,55.5,0.02675970765454178,0.1965061211656743,0.004362435889877947,37472.610288632735,SOURCE_USD,191166.28282710136,162236.38965116395,31880.443642273174,,0.0006307193826142713,,
1789052400000,2026-09-10T15:00:00.000Z,0.00010858481111607714,0.16989165262508366,17.25,0.013725130804905552,0.000664451827242525,0,4850611.579996647,SOURCE_USD,7689788118.717219,7686100405.992654,5107043.459131332,,0.02438760538930227,0.0952235538019555,55.458333333333336,0.02675970765454178,0.1965061211656743,0.004362435889877947,37472.610288632735,SOURCE_USD,191166.8150289129,162236.38965116395,31880.443642273174,,0.0006307193826142713,,
1789056000000,2026-09-10T16:00:00.000Z,0.00010864755455319395,0.16989165262508366,17.208333333333332,0.013725130804905552,0.000664451827242525,0,4850611.579996647,SOURCE_USD,7689788214.091268,7686100405.992654,5107043.459131332,,0.02440208857493955,0.0952235538019555,55.416666666666664,0.02675970765454178,0.1965061211656743,0.004362435889877947,37472.610288632735,SOURCE_USD,191167.3475482683,162236.38965116395,31880.443642273174,,0.0006307193826142713,,
1789059600000,2026-09-10T17:00:00.000Z,0.00010871033494723227,0.16989165262508366,17.166666666666668,0.013725130804905552,0.000664451827242525,0,4850611.579996647,SOURCE_USD,7689788309.52043,7686100405.992654,5107043.459131332,,0.02441657689177924,0.0952235538019555,55.375,0.02675970765454178,0.1965061211656743,0.004362435889877947,37472.610288632735,SOURCE_USD,191167.8803852821,162236.38965116395,31880.443642273174,,0.0006307193826142713,,
1789063200000,2026-09-10T18:00:00.000Z,0.00010877315618887165,0.16989165262508366,17.125,0.013725130804905552,0.000664451827242525,0,4850611.579996647,SOURCE_USD,7689788405.004739,7686100405.992654,5107043.459131332,,0.02443107272647178,0.0952235538019555,55.333333333333336,0.02675970765454178,0.1965061211656743,0.004362435889877947,37472.610288632735,SOURCE_USD,191168.41354012094,162236.38965116395,31880.443642273174,,0.0006307193826142713,,
1789066800000,2026-09-10T19:00:00.000Z,0.00010883601827766036,0.16989165262508366,17.083333333333332,0.013725130804905552,0.000664451827242525,0,4850611.579996647,SOURCE_USD,7689788500.54423,7686100405.992654,5107043.459131332,,0.02444557969692331,0.0952235538019555,55.291666666666664,0.02675970765454178,0.1965061211656743,0.004362435889877947,37472.610288632735,SOURCE_USD,191168.9470130306,162236.38965116395,31880.443642273174,,0.0006307193826142713,,
1789070400000,2026-09-10T20:00:00.000Z,0.00010889891537867177,0.16989165262508366,17.041666666666668,0.013725130804905552,0.000664451827242525,0,4850611.579996647,SOURCE_USD,7689788596.138938,7686100405.992654,5107043.459131332,,0.024460088167055253,0.0952235538019555,55.25,0.02675970765454178,0.1965061211656743,0.004362435889877947,37472.610288632735,SOURCE_USD,191169.4808040464,162236.38965116395,31880.443642273174,,0.0006307193826142713,,
1789074000000,2026-09-10T21:00:00.000Z,0.00010896185527193867,0.16989165262508366,17,0.013725130804905552,0.000664451827242525,0,4850611.579996647,SOURCE_USD,7689788691.788894,7686100405.992654,5107043.459131332,,0.02447460656308749,0.0952235538019555,55.208333333333336,0.02675970765454178,0.1965061211656743,0.004362435889877947,37472.610288632735,SOURCE_USD,191170.0149133877,162236.38965116395,31880.443642273174,,0.0006307193826142713,,
1789077600000,2026-09-10T22:00:00.000Z,0.00012812228531444342,0.16989165262508366,16.958333333333332,0.013725130804905552,0.000664451827242525,0,4850611.579996647,SOURCE_USD,7689788804.2584505,7684715199.378545,5106123.056065478,,0.02448913369461187,0.0952235538019555,55.166666666666664,0.02675970765454178,0.1965061211656743,0.004362435889877947,37472.610288632735,SOURCE_USD,191170.5493412477,162236.38965116395,31880.443642273174,,0.0006307193826142713,,
1789081200000,2026-09-10T23:00:00.000Z,0.0001436205620030493,0.16989165262508366,16.916666666666668,0.013725130804905552,0.000664451827242525,0,4850611.579996647,SOURCE_USD,7689788930.332854,7684715199.378545,5106123.056065478,,0.024503672000797304,0.0952235538019555,55.125,0.02675970765454178,0.1965061211656743,0.004362435889877947,37472.610288632735,SOURCE_USD,191171.08408787294,162236.38965116395,31880.443642273174,,0.0006307193826142713,,
1789084800000,2026-09-11T00:00:00.000Z,0.00014368873618949874,0.16985578223741019,16.875,0.013783105668748253,0.0006622516556291391,-0.0033112582781457123,4852287.898944382,SOURCE_USD,7689789056.467108,7684715199.378545,5089215.36382685,,0.02451821055012188,0.0948497335665915,55.083333333333336,0.027108382862648862,0.19513337366089722,-0.006985774777060083,37474.32599765204,SOURCE_USD,191171.61915327146,162236.38965116395,31657.734043195494,,0.0006307193826142713,,
1789088400000,2026-09-11T01:00:00.000Z,0.00014375695122296813,0.16985578223741019,16.833333333333332,0.011619161170443914,0.0006622516556291391,-0.0033112582781457123,4852287.898944382,SOURCE_USD,7689789182.661243,7684715199.378545,5089215.36382685,,0.024532759054522922,0.0948497335665915,55.041666666666664,0.02740570391645887,0.19513337366089722,-0.006985774777060083,37474.32599765204,SOURCE_USD,191172.1545376631,162236.38965116395,31657.734043195494,,0.0006307193826142713,,
1789092000000,2026-09-11T02:00:00.000Z,0.00014382520515884002,0.16985578223741019,16.791666666666668,0.011619161170443914,0.0006622516556291391,-0.0033112582781457123,4852287.898944382,SOURCE_USD,7689789308.915296,7684715199.378545,5089215.36382685,,0.02454731508261247,0.0948497335665915,55,0.02740570391645887,0.19513337366089722,-0.006985774777060083,37474.32599765204,SOURCE_USD,191172.69024121473,162236.38965116395,31657.734043195494,,0.0006307193826142713,,
1789095600000,2026-09-11T03:00:00.000Z,0.0001438934979968845,0.16985578223741019,16.75,0.011619161170443914,0.0006622516556291391,-0.0033112582781457123,4852287.898944382,SOURCE_USD,7689789435.2293005,7684715199.378545,5089215.36382685,,0.02456187863439042,0.0948497335665915,54.958333333333336,0.02740570391645887,0.19513337366089722,-0.006985774777060083,37474.32599765204,SOURCE_USD,191173.22626409325,162236.38965116395,31657.734043195494,,0.0006307193826142713,,
1789099200000,2026-09-11T04:00:00.000Z,0.00014396182779204082,0.16985578223741019,16.708333333333332,0.011619161170443914,0.0006622516556291391,-0.0033112582781457123,4852287.898944382,SOURCE_USD,7689789561.603288,7684715199.378545,5089215.36382685,,0.02457645707015575,0.0948497335665915,54.916666666666664,0.02740570391645887,0.19513337366089722,-0.006985774777060083,37474.32599765204,SOURCE_USD,191173.76260662617,162236.38965116395,31657.734043195494,,0.0006307193826142713,,
1789102800000,2026-09-11T05:00:00.000Z,0.00014403019454430134,0.16985578223741019,16.666666666666668,0.011619161170443914,0.0006622516556291391,-0.0033112582781457123,4852287.898944382,SOURCE_USD,7689789688.037293,7684715199.378545,5089215.36382685,,0.02459102956360752,0.0948497335665915,54.875,0.02740570391645887,0.19513337366089722,-0.006985774777060083,37474.32599765204,SOURCE_USD,191174.2992686865,162236.38965116395,31657.734043195494,,0.0006307193826142713,,
1789106400000,2026-09-11T06:00:00.000Z,0.00014409859825365856,0.16985578223741019,16.625,0.011619161170443914,0.0006622516556291391,-0.0033112582781457123,4852287.898944382,SOURCE_USD,7689789814.531349,7684715199.378545,5089215.36382685,,0.024605619397721698,0.0948497335665915,54.833333333333336,0.02740570391645887,0.19513337366089722,-0.006985774777060083,37474.32599765204,SOURCE_USD,191174.83625065524,162236.38965116395,31657.734043195494,,0.0006307193826142713,,
1789110000000,2026-09-11T07:00:00.000Z,0.00014416704281043153,0.16985578223741019,16.583333333333332,0.011619161170443914,0.0006622516556291391,-0.0033112582781457123,4852287.898944382,SOURCE_USD,7689789941.085487,7684715199.378545,5089215.36382685,,0.02462021184995502,0.0948497335665915,54.791666666666664,0.02740570391645887,0.19513337366089722,-0.006985774777060083,37474.32599765204,SOURCE_USD,191175.37355259233,162236.38965116395,31657.734043195494,,0.0006307193826142713,,
1789113600000,2026-09-11T08:00:00.000Z,0.00014423552432428556,0.16985578223741019,16.541666666666668,0.011619161170443914,0.0006622516556291391,-0.0033112582781457123,4852287.898944382,SOURCE_USD,7689790067.699743,7684715199.378545,5089215.36382685,,0.024634817999658117,0.0948497335665915,54.75,0.02740570391645887,0.19513337366089722,-0.006985774777060083,37474.32599765204,SOURCE_USD,191175.91117479934,162236.38965116395,31657.734043195494,,0.0006307193826142713,,
1789117200000,2026-09-11T09:00:00.000Z,0.00014430404474026503,0.16985578223741019,16.5,0.011619161170443914,0.0006622516556291391,-0.0033112582781457123,4852287.898944382,SOURCE_USD,7689790194.37415,7684715199.378545,5089215.36382685,,0.02464942181328307,0.0948497335665915,54.708333333333336,0.02740570391645887,0.19513337366089722,-0.006985774777060083,37474.32599765204,SOURCE_USD,191176.449117228,162236.38965116395,31657.734043195494,,0.0006307193826142713,,
1789120800000,2026-09-11T10:00:00.000Z,0.00014437260211331,0.16985578223741019,16.458333333333332,0.011619161170443914,0.0006622516556291391,-0.0033112582781457123,4852287.898944382,SOURCE_USD,7689790321.108743,7684715199.378545,5089215.36382685,,0.024664044282465308,0.0948497335665915,54.666666666666664,0.02740570391645887,0.19513337366089722,-0.006985774777060083,37474.32599765204,SOURCE_USD,191176.98738028816,162236.38965116395,31657.734043195494,,0.0006307193826142713,,
1789124400000,2026-09-11T11:00:00.000Z,0.0001444412003337386,0.16985578223741019,16.416666666666668,0.011619161170443914,0.0006622516556291391,-0.0033112582781457123,4852287.898944382,SOURCE_USD,7689790447.903554,7684715199.378545,5089215.36382685,,0.024678665631263665,0.0948497335665915,54.625,0.02740570391645887,0.19513337366089722,-0.006985774777060083,37474.32599765204,SOURCE_USD,191177.52596395806,162236.38965116395,31657.734043195494,,0.0006307193826142713,,
1789128000000,2026-09-11T12:00:00.000Z,0.0001445098335661652,0.16985578223741019,16.375,0.011619161170443914,0.0006622516556291391,-0.0033112582781457123,4852287.898944382,SOURCE_USD,7689790574.7586155,7684715199.378545,5089215.36382685,,0.024693298234472805,0.0948497335665915,54.583333333333336,0.02740570391645887,0.19513337366089722,-0.006985774777060083,37474.32599765204,SOURCE_USD,191178.0648684859,162236.38965116395,31657.734043195494,,0.0006307193826142713,,
1789131600000,2026-09-11T13:00:00.000Z,0.00014457850570090785,0.16985578223741019,16.333333333333332,0.011619161170443914,0.0006622516556291391,-0.0033112582781457123,4852287.898944382,SOURCE_USD,7689790701.67396,7684715199.378545,5089215.36382685,,0.024707935883299174,0.0948497335665915,54.541666666666664,0.02740570391645887,0.19513337366089722,-0.006985774777060083,37474.32599765204,SOURCE_USD,191178.60409398467,162236.38965116395,31657.734043195494,,0.0006307193826142713,,
1789135200000,2026-09-11T14:00:00.000Z,0.000144647214792463,0.16985578223741019,16.291666666666668,0.011619161170443914,0.0006622516556291391,-0.0033112582781457123,4852287.898944382,SOURCE_USD,7689790828.649625,7684715199.378545,5089215.36382685,,0.02472258730350948,0.0948497335665915,54.5,0.02740570391645887,0.19513337366089722,-0.006985774777060083,37474.32599765204,SOURCE_USD,191179.14364075748,162236.38965116395,31657.734043195494,,0.0006307193826142713,,
1789138800000,2026-09-11T15:00:00.000Z,0.00014471596473159177,0.16985578223741019,16.25,0.011619161170443914,0.0006622516556291391,-0.0033112582781457123,4852287.898944382,SOURCE_USD,7689790955.685641,7684715199.378545,5089215.36382685,,0.02473724003666967,0.0948497335665915,54.458333333333336,0.02740570391645887,0.19513337366089722,-0.006985774777060083,37474.32599765204,SOURCE_USD,191179.68350883585,162236.38965116395,31657.734043195494,,0.0006307193826142713,,
1789142400000,2026-09-11T16:00:00.000Z,0.00014478475162773923,0.16985578223741019,16.208333333333332,0.011619161170443914,0.0006622516556291391,-0.0033112582781457123,4852287.898944382,SOURCE_USD,7689791082.782042,7684715199.378545,5089215.36382685,,0.024751901553949893,0.0948497335665915,54.416666666666664,0.02740570391645887,0.19513337366089722,-0.006985774777060083,37474.32599765204,SOURCE_USD,191180.22369841408,162236.38965116395,31657.734043195494,,0.0006307193826142713,,
1789146000000,2026-09-11T17:00:00.000Z,0.000144853579371222,0.16985578223741019,16.166666666666668,0.011619161170443914,0.0006622516556291391,-0.0033112582781457123,4852287.898944382,SOURCE_USD,7689791209.938864,7684715199.378545,5089215.36382685,,0.024766571865075873,0.0948497335665915,54.375,0.02740570391645887,0.19513337366089722,-0.006985774777060083,37474.32599765204,SOURCE_USD,191180.7642096868,162236.38965116395,31657.734043195494,,0.0006307193826142713,,
1789149600000,2026-09-11T18:00:00.000Z,0.00014492244018160592,0.16985578223741019,16.125,0.011619161170443914,0.0006622516556291391,-0.0033112582781457123,4852287.898944382,SOURCE_USD,7689791337.156136,7684715199.378545,5089215.36382685,,0.024781249721286182,0.0948497335665915,54.333333333333336,0.02740570391645887,0.19513337366089722,-0.006985774777060083,37474.32599765204,SOURCE_USD,191181.3050428215,162236.38965116395,31657.734043195494,,0.0006307193826142713,,
1789153200000,2026-09-11T19:00:00.000Z,0.00014499134378458207,0.16985578223741019,16.083333333333332,0.011619161170443914,0.0006622516556291391,-0.0033112582781457123,4852287.898944382,SOURCE_USD,7689791464.433894,7684715199.378545,5089215.36382685,,0.024795933867984735,0.0948497335665915,54.291666666666664,0.02740570391645887,0.19513337366089722,-0.006985774777060083,37474.32599765204,SOURCE_USD,191181.8461979581,162236.38965116395,31657.734043195494,,0.0006307193826142713,,
1789156800000,2026-09-11T20:00:00.000Z,0.00014506028239927296,0.16985578223741019,16.041666666666668,0.011619161170443914,0.0006622516556291391,-0.0033112582781457123,4852287.898944382,SOURCE_USD,7689791591.772175,7684715199.378545,5089215.36382685,,0.024810626818254692,0.0948497335665915,54.25,0.02740570391645887,0.19513337366089722,-0.006985774777060083,37474.32599765204,SOURCE_USD,191182.38767529148,162236.38965116395,31657.734043195494,,0.0006307193826142713,,
1789160400000,2026-09-11T21:00:00.000Z,0.00014512926186148895,0.16985578223741019,16,0.011619161170443914,0.0006622516556291391,-0.0033112582781457123,4852287.898944382,SOURCE_USD,7689791719.171006,7684715199.378545,5089215.36382685,,0.024825327315554136,0.0948497335665915,54.208333333333336,0.02740570391645887,0.19513337366089722,-0.006985774777060083,37474.32599765204,SOURCE_USD,191182.9294749891,162236.38965116395,31657.734043195494,,0.0006307193826142713,,
1789164000000,2026-09-11T22:00:00.000Z,0.00014519827244530368,0.16985578223741019,15.958333333333334,0.011619161170443914,0.0006622516556291391,-0.0033112582781457123,4852287.898944382,SOURCE_USD,7689791846.630423,7684715199.378545,5089215.36382685,,0.02484003283512948,0.0948497335665915,54.166666666666664,0.02740570391645887,0.19513337366089722,-0.006985774777060083,37474.32599765204,SOURCE_USD,191183.47159716324,162236.38965116395,31657.734043195494,,0.0006307193826142713,,
1789167600000,2026-09-11T23:00:00.000Z,0.000145265740556442,0.16985578223741019,15.916666666666666,0.011619161170443914,0.0006622516556291391,-0.0033112582781457123,4852287.898944382,SOURCE_USD,7689891974.15046,7684815199.378544,5089281.588992413,,0.024854749694700515,0.0948497335665915,54.125,0.02740570391645887,0.19513337366089722,-0.006985774777060083,37474.32599765204,SOURCE_USD,191184.0140420642,162236.38965116395,31657.734043195494,,0.0006307193826142713,,
1789171200000,2026-09-12T00:00:00.000Z,0.00014533453328811292,0.16985394355792002,15.875,0.01152328867568251,0.0006622516556291391,0,4838888.681416125,SOURCE_USD,7689892101.731152,7684815199.378544,5089281.588992413,,0.024869471570712072,0.09447077804227862,54.083333333333336,0.027170571741907647,0.19566408390075918,0.0027197307662205628,37407.82921492538,SOURCE_USD,191184.55680980417,162236.38965116395,31743.8345564616,,0.0006307193826142713,,
1789174800000,2026-09-12T01:00:00.000Z,0.00014540366057852306,0.16985394355792002,15.833333333333334,0.011619161170443914,0.0006622516556291391,0,4838888.681416125,SOURCE_USD,7689892229.37253,7684815199.378544,5089281.588992413,,0.024884202269745907,0.09447077804227862,54.041666666666664,0.026567721077665828,0.19566408390075918,0.0027197307662205628,37407.82921492538,SOURCE_USD,191185.09990057844,162236.38965116395,31743.8345564616,,0.0006307193826142713,,
1789178400000,2026-09-12T02:00:00.000Z,0.0001454728326067399,0.16985394355792002,15.791666666666666,0.011619161170443914,0.0006622516556291391,0,4838888.681416125,SOURCE_USD,7689892357.07463,7684815199.378544,5089281.588992413,,0.024898940521644975,0.09447077804227862,54,0.026567721077665828,0.19566408390075918,0.0027197307662205628,37407.82921492538,SOURCE_USD,191185.64331455456,162236.38965116395,31743.8345564616,,0.0006307193826142713,,
1789182000000,2026-09-12T03:00:00.000Z,0.00014554203575651819,0.16985394355792002,15.75,0.011619161170443914,0.0006622516556291391,0,4838888.681416125,SOURCE_USD,7689892484.837483,7684815199.378544,5089281.588992413,,0.024913683774423385,0.09447077804227862,53.958333333333336,0.026567721077665828,0.19566408390075918,0.0027197307662205628,37407.82921492538,SOURCE_USD,191186.1870518445,162236.38965116395,31743.8345564616,,0.0006307193826142713,,
1789185600000,2026-09-12T04:00:00.000Z,0.00014561128169881494,0.16985394355792002,15.708333333333334,0.011619161170443914,0.0006622516556291391,0,4838888.681416125,SOURCE_USD,7689892612.661125,7684815199.378544,5089281.588992413,,0.024928437130107308,0.09447077804227862,53.916666666666664,0.026567721077665828,0.19566408390075918,0.0027197307662205628,37407.82921492538,SOURCE_USD,191186.73111267143,162236.38965116395,31743.8345564616,,0.0006307193826142713,,
1789189200000,2026-09-12T05:00:00.000Z,0.00014568056459825088,0.16985394355792002,15.666666666666666,0.011619161170443914,0.0006622516556291391,0,4838888.681416125,SOURCE_USD,7689892740.5455885,7684815199.378544,5089281.588992413,,0.024943200600366852,0.09447077804227862,53.875,0.026567721077665828,0.19566408390075918,0.0027197307662205628,37407.82921492538,SOURCE_USD,191187.27549725893,162236.38965116395,31743.8345564616,,0.0006307193826142713,,
1789192800000,2026-09-12T06:00:00.000Z,0.00014574988639986773,0.16985394355792002,15.625,0.011619161170443914,0.0006622516556291391,0,4838888.681416125,SOURCE_USD,7689892868.490907,7684815199.378544,5089281.588992413,,0.024957963948084645,0.09447077804227862,53.833333333333336,0.026567721077665828,0.19566408390075918,0.0027197307662205628,37407.82921492538,SOURCE_USD,191187.820205607,162236.38965116395,31743.8345564616,,0.0006307193826142713,,
1789196400000,2026-09-12T07:00:00.000Z,0.000145819243213559,0.16985394355792002,15.583333333333334,0.011619161170443914,0.0006622516556291391,0,4838888.681416125,SOURCE_USD,7689892996.497111,7684815199.378544,5089281.588992413,,0.024972743821463132,0.09447077804227862,53.791666666666664,0.026567721077665828,0.19566408390075918,0.0027197307662205628,37407.82921492538,SOURCE_USD,191188.36523807907,162236.38965116395,31743.8345564616,,0.0006307193826142713,,
1789200000000,2026-09-12T08:00:00.000Z,0.00014588864087446447,0.16985394355792002,15.541666666666666,0.011619161170443914,0.0006622516556291391,0,4838888.681416125,SOURCE_USD,7689893124.56424,7684815199.378544,5089281.588992413,,0.02498752355090332,0.09447077804227862,53.75,0.026567721077665828,0.19566408390075918,0.0027197307662205628,37407.82921492538,SOURCE_USD,191188.91059467485,162236.38965116395,31743.8345564616,,0.0006307193826142713,,
1789203600000,2026-09-12T09:00:00.000Z,0.00014595808132784663,0.16985394355792002,15.5,0.011619161170443914,0.0006622516556291391,0,4838888.681416125,SOURCE_USD,7689893252.692327,7684815199.378544,5089281.588992413,,0.02500231469036331,0.09447077804227862,53.708333333333336,0.026567721077665828,0.19566408390075918,0.0027197307662205628,37407.82921492538,SOURCE_USD,191189.4562756461,162236.38965116395,31743.8345564616,,0.0006307193826142713,,
1789207200000,2026-09-12T10:00:00.000Z,0.0001460275509579111,0.16985394355792002,15.458333333333334,0.011619161170443914,0.0006622516556291391,0,4838888.681416125,SOURCE_USD,7689893380.881399,7684815199.378544,5089281.588992413,,0.0784249887892852,0.09447077804227862,53.666666666666664,0.026567721077665828,0.19566408390075918,0.0027197307662205628,37407.82921492538,SOURCE_USD,191191.16792301656,162236.38965116395,31743.8345564616,,0.0006307193826142713,,
1789210800000,2026-09-12T11:00:00.000Z,0.000146097065325485,0.16985394355792002,15.416666666666666,0.011619161170443914,0.0006622516556291391,0,4838888.681416125,SOURCE_USD,7689893509.131497,7684815199.378544,5089281.588992413,,0.025062353688296568,0.09447077804227862,53.625,0.026567721077665828,0.19566408390075918,0.0027197307662205628,37407.82921492538,SOURCE_USD,191191.71492081025,162236.38965116395,31743.8345564616,,0.0006307193826142713,,
1789214400000,2026-09-12T12:00:00.000Z,0.00014616661859541335,0.16985394355792002,15.375,0.011619161170443914,0.0006622516556291391,0,4838888.681416125,SOURCE_USD,7689893637.442652,7684815199.378544,5089281.588992413,,0.025077865294829083,0.09447077804227862,53.583333333333336,0.026567721077665828,0.19566408390075918,0.0027197307662205628,37407.82921492538,SOURCE_USD,191192.26225871802,162236.38965116395,31743.8345564616,,0.0006307193826142713,,
